deck_id,deck_source,count,name,type,price
E9WMNu4u7ndorMzgA_wiuA,https://moxfield.com/decks/7zoqTbuze0q0Jjpus5yZZg?utm_source=edhrec&utm_medium=deck_summary,,Brash Taunter,,$0.79
E9WMNu4u7ndorMzgA_wiuA,https://moxfield.com/decks/7zoqTbuze0q0Jjpus5yZZg?utm_source=edhrec&utm_medium=deck_summary,,Cemetery Gatekeeper,,$2.29
E9WMNu4u7ndorMzgA_wiuA,https://moxfield.com/decks/7zoqTbuze0q0Jjpus5yZZg?utm_source=edhrec&utm_medium=deck_summary,,Eidolon of the Great Revel,,$2.79
E9WMNu4u7ndorMzgA_wiuA,https://moxfield.com/decks/7zoqTbuze0q0Jjpus5yZZg?utm_source=edhrec&utm_medium=deck_summary,,Electrostatic Field,,$2.29
E9WMNu4u7ndorMzgA_wiuA,https://moxfield.com/decks/7zoqTbuze0q0Jjpus5yZZg?utm_source=edhrec&utm_medium=deck_summary,,Firebrand Archer,,$0.35
E9WMNu4u7ndorMzgA_wiuA,https://moxfield.com/decks/7zoqTbuze0q0Jjpus5yZZg?utm_source=edhrec&utm_medium=deck_summary,,Firespitter Whelp,,$0.35
E9WMNu4u7ndorMzgA_wiuA,https://moxfield.com/decks/7zoqTbuze0q0Jjpus5yZZg?utm_source=edhrec&utm_medium=deck_summary,,Gleeful Arsonist,,$5.99
E9WMNu4u7ndorMzgA_wiuA,https://moxfield.com/decks/7zoqTbuze0q0Jjpus5yZZg?utm_source=edhrec&utm_medium=deck_summary,,Guttersnipe,,$0.49
E9WMNu4u7ndorMzgA_wiuA,https://moxfield.com/decks/7zoqTbuze0q0Jjpus5yZZg?utm_source=edhrec&utm_medium=deck_summary,,Kessig Flamebreather,,$3.49
E9WMNu4u7ndorMzgA_wiuA,https://moxfield.com/decks/7zoqTbuze0q0Jjpus5yZZg?utm_source=edhrec&utm_medium=deck_summary,,Magebane Lizard,,$1.99
E9WMNu4u7ndorMzgA_wiuA,https://moxfield.com/decks/7zoqTbuze0q0Jjpus5yZZg?utm_source=edhrec&utm_medium=deck_summary,,Magus of the Moon,,$6.49
E9WMNu4u7ndorMzgA_wiuA,https://moxfield.com/decks/7zoqTbuze0q0Jjpus5yZZg?utm_source=edhrec&utm_medium=deck_summary,,Rampaging Ferocidon,,$0.99
E9WMNu4u7ndorMzgA_wiuA,https://moxfield.com/decks/7zoqTbuze0q0Jjpus5yZZg?utm_source=edhrec&utm_medium=deck_summary,,Razorkin Needlehead,,$9.49
E9WMNu4u7ndorMzgA_wiuA,https://moxfield.com/decks/7zoqTbuze0q0Jjpus5yZZg?utm_source=edhrec&utm_medium=deck_summary,,Spear Spewer,,$0.35
E9WMNu4u7ndorMzgA_wiuA,https://moxfield.com/decks/7zoqTbuze0q0Jjpus5yZZg?utm_source=edhrec&utm_medium=deck_summary,,Spitfire Lagac,,$0.35
E9WMNu4u7ndorMzgA_wiuA,https://moxfield.com/decks/7zoqTbuze0q0Jjpus5yZZg?utm_source=edhrec&utm_medium=deck_summary,,Stuffy Doll,,$5.99
E9WMNu4u7ndorMzgA_wiuA,https://moxfield.com/decks/7zoqTbuze0q0Jjpus5yZZg?utm_source=edhrec&utm_medium=deck_summary,,Sunspine Lynx,,$5.49
E9WMNu4u7ndorMzgA_wiuA,https://moxfield.com/decks/7zoqTbuze0q0Jjpus5yZZg?utm_source=edhrec&utm_medium=deck_summary,,Thermo-Alchemist,,$0.39
E9WMNu4u7ndorMzgA_wiuA,https://moxfield.com/decks/7zoqTbuze0q0Jjpus5yZZg?utm_source=edhrec&utm_medium=deck_summary,,"Torbran, Thane of Red Fell",,$3.99
E9WMNu4u7ndorMzgA_wiuA,https://moxfield.com/decks/7zoqTbuze0q0Jjpus5yZZg?utm_source=edhrec&utm_medium=deck_summary,,Tunnel Ignus,,$0.49
E9WMNu4u7ndorMzgA_wiuA,https://moxfield.com/decks/7zoqTbuze0q0Jjpus5yZZg?utm_source=edhrec&utm_medium=deck_summary,,Tunneling Geopede,,$0.99
E9WMNu4u7ndorMzgA_wiuA,https://moxfield.com/decks/7zoqTbuze0q0Jjpus5yZZg?utm_source=edhrec&utm_medium=deck_summary,,Unruly Catapult,,$0.39
E9WMNu4u7ndorMzgA_wiuA,https://moxfield.com/decks/7zoqTbuze0q0Jjpus5yZZg?utm_source=edhrec&utm_medium=deck_summary,,Zo-Zu the Punisher,,$16.99
E9WMNu4u7ndorMzgA_wiuA,https://moxfield.com/decks/7zoqTbuze0q0Jjpus5yZZg?utm_source=edhrec&utm_medium=deck_summary,,Abrade,,$0.35
E9WMNu4u7ndorMzgA_wiuA,https://moxfield.com/decks/7zoqTbuze0q0Jjpus5yZZg?utm_source=edhrec&utm_medium=deck_summary,,Bulk Up,,$0.99
E9WMNu4u7ndorMzgA_wiuA,https://moxfield.com/decks/7zoqTbuze0q0Jjpus5yZZg?utm_source=edhrec&utm_medium=deck_summary,,Crash,,$0.35
E9WMNu4u7ndorMzgA_wiuA,https://moxfield.com/decks/7zoqTbuze0q0Jjpus5yZZg?utm_source=edhrec&utm_medium=deck_summary,,Desperate Ritual,,$3.49
E9WMNu4u7ndorMzgA_wiuA,https://moxfield.com/decks/7zoqTbuze0q0Jjpus5yZZg?utm_source=edhrec&utm_medium=deck_summary,,Downhill Charge,,$0.35
E9WMNu4u7ndorMzgA_wiuA,https://moxfield.com/decks/7zoqTbuze0q0Jjpus5yZZg?utm_source=edhrec&utm_medium=deck_summary,,Price of Progress,,$6.49
E9WMNu4u7ndorMzgA_wiuA,https://moxfield.com/decks/7zoqTbuze0q0Jjpus5yZZg?utm_source=edhrec&utm_medium=deck_summary,,Pyretic Ritual,,$8.49
E9WMNu4u7ndorMzgA_wiuA,https://moxfield.com/decks/7zoqTbuze0q0Jjpus5yZZg?utm_source=edhrec&utm_medium=deck_summary,,Rush of Blood,,$0.35
E9WMNu4u7ndorMzgA_wiuA,https://moxfield.com/decks/7zoqTbuze0q0Jjpus5yZZg?utm_source=edhrec&utm_medium=deck_summary,,Seething Song,,$8.99
E9WMNu4u7ndorMzgA_wiuA,https://moxfield.com/decks/7zoqTbuze0q0Jjpus5yZZg?utm_source=edhrec&utm_medium=deck_summary,,Siege Smash,,$0.35
E9WMNu4u7ndorMzgA_wiuA,https://moxfield.com/decks/7zoqTbuze0q0Jjpus5yZZg?utm_source=edhrec&utm_medium=deck_summary,,Unleash Fury,,$0.59
E9WMNu4u7ndorMzgA_wiuA,https://moxfield.com/decks/7zoqTbuze0q0Jjpus5yZZg?utm_source=edhrec&utm_medium=deck_summary,,Blasphemous Act,,$3.49
E9WMNu4u7ndorMzgA_wiuA,https://moxfield.com/decks/7zoqTbuze0q0Jjpus5yZZg?utm_source=edhrec&utm_medium=deck_summary,,Boltwave,,$4.99
E9WMNu4u7ndorMzgA_wiuA,https://moxfield.com/decks/7zoqTbuze0q0Jjpus5yZZg?utm_source=edhrec&utm_medium=deck_summary,,Fiery Confluence,,$0.69
E9WMNu4u7ndorMzgA_wiuA,https://moxfield.com/decks/7zoqTbuze0q0Jjpus5yZZg?utm_source=edhrec&utm_medium=deck_summary,,From the Ashes,,$3.49
E9WMNu4u7ndorMzgA_wiuA,https://moxfield.com/decks/7zoqTbuze0q0Jjpus5yZZg?utm_source=edhrec&utm_medium=deck_summary,,Gamble,,$13.99
E9WMNu4u7ndorMzgA_wiuA,https://moxfield.com/decks/7zoqTbuze0q0Jjpus5yZZg?utm_source=edhrec&utm_medium=deck_summary,,Lava Blister,,$0.39
E9WMNu4u7ndorMzgA_wiuA,https://moxfield.com/decks/7zoqTbuze0q0Jjpus5yZZg?utm_source=edhrec&utm_medium=deck_summary,,Mana Geyser,,$3.49
E9WMNu4u7ndorMzgA_wiuA,https://moxfield.com/decks/7zoqTbuze0q0Jjpus5yZZg?utm_source=edhrec&utm_medium=deck_summary,,Past in Flames,,$1.79
E9WMNu4u7ndorMzgA_wiuA,https://moxfield.com/decks/7zoqTbuze0q0Jjpus5yZZg?utm_source=edhrec&utm_medium=deck_summary,,Vandalblast,,$2.79
E9WMNu4u7ndorMzgA_wiuA,https://moxfield.com/decks/7zoqTbuze0q0Jjpus5yZZg?utm_source=edhrec&utm_medium=deck_summary,,Ankh of Mishra,,$7.99
E9WMNu4u7ndorMzgA_wiuA,https://moxfield.com/decks/7zoqTbuze0q0Jjpus5yZZg?utm_source=edhrec&utm_medium=deck_summary,,Arcane Signet,,$0.79
E9WMNu4u7ndorMzgA_wiuA,https://moxfield.com/decks/7zoqTbuze0q0Jjpus5yZZg?utm_source=edhrec&utm_medium=deck_summary,,Extraplanar Lens,,$11.99
E9WMNu4u7ndorMzgA_wiuA,https://moxfield.com/decks/7zoqTbuze0q0Jjpus5yZZg?utm_source=edhrec&utm_medium=deck_summary,,Fire Diamond,,$0.59
E9WMNu4u7ndorMzgA_wiuA,https://moxfield.com/decks/7zoqTbuze0q0Jjpus5yZZg?utm_source=edhrec&utm_medium=deck_summary,,Gauntlet of Power,,$3.49
E9WMNu4u7ndorMzgA_wiuA,https://moxfield.com/decks/7zoqTbuze0q0Jjpus5yZZg?utm_source=edhrec&utm_medium=deck_summary,,Glittering Stockpile,,$0.35
E9WMNu4u7ndorMzgA_wiuA,https://moxfield.com/decks/7zoqTbuze0q0Jjpus5yZZg?utm_source=edhrec&utm_medium=deck_summary,,Ruby Medallion,,$11.99
E9WMNu4u7ndorMzgA_wiuA,https://moxfield.com/decks/7zoqTbuze0q0Jjpus5yZZg?utm_source=edhrec&utm_medium=deck_summary,,Sol Ring,,$1.79
E9WMNu4u7ndorMzgA_wiuA,https://moxfield.com/decks/7zoqTbuze0q0Jjpus5yZZg?utm_source=edhrec&utm_medium=deck_summary,,Winter Moon,,$1.29
E9WMNu4u7ndorMzgA_wiuA,https://moxfield.com/decks/7zoqTbuze0q0Jjpus5yZZg?utm_source=edhrec&utm_medium=deck_summary,,Blood Moon,,$8.99
E9WMNu4u7ndorMzgA_wiuA,https://moxfield.com/decks/7zoqTbuze0q0Jjpus5yZZg?utm_source=edhrec&utm_medium=deck_summary,,Blood Sun,,$0.49
E9WMNu4u7ndorMzgA_wiuA,https://moxfield.com/decks/7zoqTbuze0q0Jjpus5yZZg?utm_source=edhrec&utm_medium=deck_summary,,Burning Earth,,$3.49
E9WMNu4u7ndorMzgA_wiuA,https://moxfield.com/decks/7zoqTbuze0q0Jjpus5yZZg?utm_source=edhrec&utm_medium=deck_summary,,City on Fire,,$10.99
E9WMNu4u7ndorMzgA_wiuA,https://moxfield.com/decks/7zoqTbuze0q0Jjpus5yZZg?utm_source=edhrec&utm_medium=deck_summary,,Claws of Valakut,,$0.35
E9WMNu4u7ndorMzgA_wiuA,https://moxfield.com/decks/7zoqTbuze0q0Jjpus5yZZg?utm_source=edhrec&utm_medium=deck_summary,,Dictate of the Twin Gods,,$1.79
E9WMNu4u7ndorMzgA_wiuA,https://moxfield.com/decks/7zoqTbuze0q0Jjpus5yZZg?utm_source=edhrec&utm_medium=deck_summary,,Fiery Emancipation,,$16.99
E9WMNu4u7ndorMzgA_wiuA,https://moxfield.com/decks/7zoqTbuze0q0Jjpus5yZZg?utm_source=edhrec&utm_medium=deck_summary,,Granite Grip,,$0.35
E9WMNu4u7ndorMzgA_wiuA,https://moxfield.com/decks/7zoqTbuze0q0Jjpus5yZZg?utm_source=edhrec&utm_medium=deck_summary,,Manabarbs,,$4.99
E9WMNu4u7ndorMzgA_wiuA,https://moxfield.com/decks/7zoqTbuze0q0Jjpus5yZZg?utm_source=edhrec&utm_medium=deck_summary,,Pain for All,,$1.29
E9WMNu4u7ndorMzgA_wiuA,https://moxfield.com/decks/7zoqTbuze0q0Jjpus5yZZg?utm_source=edhrec&utm_medium=deck_summary,,Pyrostatic Pillar,,$0.99
E9WMNu4u7ndorMzgA_wiuA,https://moxfield.com/decks/7zoqTbuze0q0Jjpus5yZZg?utm_source=edhrec&utm_medium=deck_summary,,Spellshock,,$2.79
E9WMNu4u7ndorMzgA_wiuA,https://moxfield.com/decks/7zoqTbuze0q0Jjpus5yZZg?utm_source=edhrec&utm_medium=deck_summary,,"Chandra, Torch of Defiance",,$3.99
E9WMNu4u7ndorMzgA_wiuA,https://moxfield.com/decks/7zoqTbuze0q0Jjpus5yZZg?utm_source=edhrec&utm_medium=deck_summary,,Mountain,,$0.35
INMgWFQzrl-_Aq5DMXyfcQ,https://moxfield.com/decks/t_NEOcsNAEivVRk8HS5-QQ?utm_source=edhrec&utm_medium=deck_summary,,Bedlam Reveler,,$0.39
INMgWFQzrl-_Aq5DMXyfcQ,https://moxfield.com/decks/t_NEOcsNAEivVRk8HS5-QQ?utm_source=edhrec&utm_medium=deck_summary,,Caldera Pyremaw,,$2.29
INMgWFQzrl-_Aq5DMXyfcQ,https://moxfield.com/decks/t_NEOcsNAEivVRk8HS5-QQ?utm_source=edhrec&utm_medium=deck_summary,,Coruscation Mage,,$2.29
INMgWFQzrl-_Aq5DMXyfcQ,https://moxfield.com/decks/t_NEOcsNAEivVRk8HS5-QQ?utm_source=edhrec&utm_medium=deck_summary,,"Dragonhawk, Fate's Tempest",,$7.99
INMgWFQzrl-_Aq5DMXyfcQ,https://moxfield.com/decks/t_NEOcsNAEivVRk8HS5-QQ?utm_source=edhrec&utm_medium=deck_summary,,Electrostatic Field,,$2.29
INMgWFQzrl-_Aq5DMXyfcQ,https://moxfield.com/decks/t_NEOcsNAEivVRk8HS5-QQ?utm_source=edhrec&utm_medium=deck_summary,,Erebor Flamesmith,,$0.79
INMgWFQzrl-_Aq5DMXyfcQ,https://moxfield.com/decks/t_NEOcsNAEivVRk8HS5-QQ?utm_source=edhrec&utm_medium=deck_summary,,Firebrand Archer,,$0.35
INMgWFQzrl-_Aq5DMXyfcQ,https://moxfield.com/decks/t_NEOcsNAEivVRk8HS5-QQ?utm_source=edhrec&utm_medium=deck_summary,,Glint-Horn Buccaneer,,$7.99
INMgWFQzrl-_Aq5DMXyfcQ,https://moxfield.com/decks/t_NEOcsNAEivVRk8HS5-QQ?utm_source=edhrec&utm_medium=deck_summary,,Guttersnipe,,$0.49
INMgWFQzrl-_Aq5DMXyfcQ,https://moxfield.com/decks/t_NEOcsNAEivVRk8HS5-QQ?utm_source=edhrec&utm_medium=deck_summary,,Kessig Flamebreather,,$3.49
INMgWFQzrl-_Aq5DMXyfcQ,https://moxfield.com/decks/t_NEOcsNAEivVRk8HS5-QQ?utm_source=edhrec&utm_medium=deck_summary,,"Livaan, Cultist of Tiamat",,$0.35
INMgWFQzrl-_Aq5DMXyfcQ,https://moxfield.com/decks/t_NEOcsNAEivVRk8HS5-QQ?utm_source=edhrec&utm_medium=deck_summary,,"Neheb, the Eternal",,$2.49
INMgWFQzrl-_Aq5DMXyfcQ,https://moxfield.com/decks/t_NEOcsNAEivVRk8HS5-QQ?utm_source=edhrec&utm_medium=deck_summary,,Rampaging Ferocidon,,$0.99
INMgWFQzrl-_Aq5DMXyfcQ,https://moxfield.com/decks/t_NEOcsNAEivVRk8HS5-QQ?utm_source=edhrec&utm_medium=deck_summary,,Razorkin Needlehead,,$9.49
INMgWFQzrl-_Aq5DMXyfcQ,https://moxfield.com/decks/t_NEOcsNAEivVRk8HS5-QQ?utm_source=edhrec&utm_medium=deck_summary,,Storm-Kiln Artist,,$1.99
INMgWFQzrl-_Aq5DMXyfcQ,https://moxfield.com/decks/t_NEOcsNAEivVRk8HS5-QQ?utm_source=edhrec&utm_medium=deck_summary,,Sunshot Militia,,$0.35
INMgWFQzrl-_Aq5DMXyfcQ,https://moxfield.com/decks/t_NEOcsNAEivVRk8HS5-QQ?utm_source=edhrec&utm_medium=deck_summary,,Sunspine Lynx,,$5.49
INMgWFQzrl-_Aq5DMXyfcQ,https://moxfield.com/decks/t_NEOcsNAEivVRk8HS5-QQ?utm_source=edhrec&utm_medium=deck_summary,,Thermo-Alchemist,,$0.39
INMgWFQzrl-_Aq5DMXyfcQ,https://moxfield.com/decks/t_NEOcsNAEivVRk8HS5-QQ?utm_source=edhrec&utm_medium=deck_summary,,Unruly Catapult,,$0.39
INMgWFQzrl-_Aq5DMXyfcQ,https://moxfield.com/decks/t_NEOcsNAEivVRk8HS5-QQ?utm_source=edhrec&utm_medium=deck_summary,,Abrade,,$0.35
INMgWFQzrl-_Aq5DMXyfcQ,https://moxfield.com/decks/t_NEOcsNAEivVRk8HS5-QQ?utm_source=edhrec&utm_medium=deck_summary,,Burst Lightning,,$0.35
INMgWFQzrl-_Aq5DMXyfcQ,https://moxfield.com/decks/t_NEOcsNAEivVRk8HS5-QQ?utm_source=edhrec&utm_medium=deck_summary,,Fireblast,,$1.29
INMgWFQzrl-_Aq5DMXyfcQ,https://moxfield.com/decks/t_NEOcsNAEivVRk8HS5-QQ?utm_source=edhrec&utm_medium=deck_summary,,Flare of Duplication,,$2.99
INMgWFQzrl-_Aq5DMXyfcQ,https://moxfield.com/decks/t_NEOcsNAEivVRk8HS5-QQ?utm_source=edhrec&utm_medium=deck_summary,,Gut Shot,,$5.49
INMgWFQzrl-_Aq5DMXyfcQ,https://moxfield.com/decks/t_NEOcsNAEivVRk8HS5-QQ?utm_source=edhrec&utm_medium=deck_summary,,Lava Dart,,$0.99
INMgWFQzrl-_Aq5DMXyfcQ,https://moxfield.com/decks/t_NEOcsNAEivVRk8HS5-QQ?utm_source=edhrec&utm_medium=deck_summary,,Lightning Bolt,,$1.79
INMgWFQzrl-_Aq5DMXyfcQ,https://moxfield.com/decks/t_NEOcsNAEivVRk8HS5-QQ?utm_source=edhrec&utm_medium=deck_summary,,Needle Drop,,$2.79
INMgWFQzrl-_Aq5DMXyfcQ,https://moxfield.com/decks/t_NEOcsNAEivVRk8HS5-QQ?utm_source=edhrec&utm_medium=deck_summary,,Price of Progress,,$6.49
INMgWFQzrl-_Aq5DMXyfcQ,https://moxfield.com/decks/t_NEOcsNAEivVRk8HS5-QQ?utm_source=edhrec&utm_medium=deck_summary,,Skullcrack,,$0.35
INMgWFQzrl-_Aq5DMXyfcQ,https://moxfield.com/decks/t_NEOcsNAEivVRk8HS5-QQ?utm_source=edhrec&utm_medium=deck_summary,,Spikefield Hazard,,$0.69
INMgWFQzrl-_Aq5DMXyfcQ,https://moxfield.com/decks/t_NEOcsNAEivVRk8HS5-QQ?utm_source=edhrec&utm_medium=deck_summary,,Unleash Fury,,$0.59
INMgWFQzrl-_Aq5DMXyfcQ,https://moxfield.com/decks/t_NEOcsNAEivVRk8HS5-QQ?utm_source=edhrec&utm_medium=deck_summary,,Blasphemous Act,,$3.49
INMgWFQzrl-_Aq5DMXyfcQ,https://moxfield.com/decks/t_NEOcsNAEivVRk8HS5-QQ?utm_source=edhrec&utm_medium=deck_summary,,Boltwave,,$4.99
INMgWFQzrl-_Aq5DMXyfcQ,https://moxfield.com/decks/t_NEOcsNAEivVRk8HS5-QQ?utm_source=edhrec&utm_medium=deck_summary,,Earthquake,,$0.99
INMgWFQzrl-_Aq5DMXyfcQ,https://moxfield.com/decks/t_NEOcsNAEivVRk8HS5-QQ?utm_source=edhrec&utm_medium=deck_summary,,End the Festivities,,$0.69
INMgWFQzrl-_Aq5DMXyfcQ,https://moxfield.com/decks/t_NEOcsNAEivVRk8HS5-QQ?utm_source=edhrec&utm_medium=deck_summary,,Fiery Confluence,,$0.69
INMgWFQzrl-_Aq5DMXyfcQ,https://moxfield.com/decks/t_NEOcsNAEivVRk8HS5-QQ?utm_source=edhrec&utm_medium=deck_summary,,Fireball,,$0.35
INMgWFQzrl-_Aq5DMXyfcQ,https://moxfield.com/decks/t_NEOcsNAEivVRk8HS5-QQ?utm_source=edhrec&utm_medium=deck_summary,,Flame Fusillade,,$3.49
INMgWFQzrl-_Aq5DMXyfcQ,https://moxfield.com/decks/t_NEOcsNAEivVRk8HS5-QQ?utm_source=edhrec&utm_medium=deck_summary,,Grab the Prize,,$0.99
INMgWFQzrl-_Aq5DMXyfcQ,https://moxfield.com/decks/t_NEOcsNAEivVRk8HS5-QQ?utm_source=edhrec&utm_medium=deck_summary,,Grapeshot,,$0.35
INMgWFQzrl-_Aq5DMXyfcQ,https://moxfield.com/decks/t_NEOcsNAEivVRk8HS5-QQ?utm_source=edhrec&utm_medium=deck_summary,,Last Chance,,$2.99
INMgWFQzrl-_Aq5DMXyfcQ,https://moxfield.com/decks/t_NEOcsNAEivVRk8HS5-QQ?utm_source=edhrec&utm_medium=deck_summary,,Light Up the Stage,,$0.35
INMgWFQzrl-_Aq5DMXyfcQ,https://moxfield.com/decks/t_NEOcsNAEivVRk8HS5-QQ?utm_source=edhrec&utm_medium=deck_summary,,Mana Geyser,,$3.49
INMgWFQzrl-_Aq5DMXyfcQ,https://moxfield.com/decks/t_NEOcsNAEivVRk8HS5-QQ?utm_source=edhrec&utm_medium=deck_summary,,Pyretic Charge,,$0.49
INMgWFQzrl-_Aq5DMXyfcQ,https://moxfield.com/decks/t_NEOcsNAEivVRk8HS5-QQ?utm_source=edhrec&utm_medium=deck_summary,,Slagstorm,,$0.49
INMgWFQzrl-_Aq5DMXyfcQ,https://moxfield.com/decks/t_NEOcsNAEivVRk8HS5-QQ?utm_source=edhrec&utm_medium=deck_summary,,Arcane Signet,,$0.79
INMgWFQzrl-_Aq5DMXyfcQ,https://moxfield.com/decks/t_NEOcsNAEivVRk8HS5-QQ?utm_source=edhrec&utm_medium=deck_summary,,Blackblade Reforged,,$2.99
INMgWFQzrl-_Aq5DMXyfcQ,https://moxfield.com/decks/t_NEOcsNAEivVRk8HS5-QQ?utm_source=edhrec&utm_medium=deck_summary,,BÃ¶sium Strip,,$1.99
INMgWFQzrl-_Aq5DMXyfcQ,https://moxfield.com/decks/t_NEOcsNAEivVRk8HS5-QQ?utm_source=edhrec&utm_medium=deck_summary,,Champion's Helm,,$1.79
INMgWFQzrl-_Aq5DMXyfcQ,https://moxfield.com/decks/t_NEOcsNAEivVRk8HS5-QQ?utm_source=edhrec&utm_medium=deck_summary,,Fellwar Stone,,$1.99
INMgWFQzrl-_Aq5DMXyfcQ,https://moxfield.com/decks/t_NEOcsNAEivVRk8HS5-QQ?utm_source=edhrec&utm_medium=deck_summary,,Sol Ring,,$1.79
INMgWFQzrl-_Aq5DMXyfcQ,https://moxfield.com/decks/t_NEOcsNAEivVRk8HS5-QQ?utm_source=edhrec&utm_medium=deck_summary,,Swiftfoot Boots,,$2.49
INMgWFQzrl-_Aq5DMXyfcQ,https://moxfield.com/decks/t_NEOcsNAEivVRk8HS5-QQ?utm_source=edhrec&utm_medium=deck_summary,,Sword of Wealth and Power,,$20.99
INMgWFQzrl-_Aq5DMXyfcQ,https://moxfield.com/decks/t_NEOcsNAEivVRk8HS5-QQ?utm_source=edhrec&utm_medium=deck_summary,,The Irencrag,,$0.99
INMgWFQzrl-_Aq5DMXyfcQ,https://moxfield.com/decks/t_NEOcsNAEivVRk8HS5-QQ?utm_source=edhrec&utm_medium=deck_summary,,Fiery Inscription,,$0.99
INMgWFQzrl-_Aq5DMXyfcQ,https://moxfield.com/decks/t_NEOcsNAEivVRk8HS5-QQ?utm_source=edhrec&utm_medium=deck_summary,,Impact Tremors,,$2.99
INMgWFQzrl-_Aq5DMXyfcQ,https://moxfield.com/decks/t_NEOcsNAEivVRk8HS5-QQ?utm_source=edhrec&utm_medium=deck_summary,,Kumano Faces Kakkazan,,$0.35
INMgWFQzrl-_Aq5DMXyfcQ,https://moxfield.com/decks/t_NEOcsNAEivVRk8HS5-QQ?utm_source=edhrec&utm_medium=deck_summary,,Manabarbs,,$4.99
INMgWFQzrl-_Aq5DMXyfcQ,https://moxfield.com/decks/t_NEOcsNAEivVRk8HS5-QQ?utm_source=edhrec&utm_medium=deck_summary,,Roiling Vortex,,$1.79
INMgWFQzrl-_Aq5DMXyfcQ,https://moxfield.com/decks/t_NEOcsNAEivVRk8HS5-QQ?utm_source=edhrec&utm_medium=deck_summary,,Sulfuric Vortex,,$1.49
INMgWFQzrl-_Aq5DMXyfcQ,https://moxfield.com/decks/t_NEOcsNAEivVRk8HS5-QQ?utm_source=edhrec&utm_medium=deck_summary,,Tavern Brawler,,$0.35
INMgWFQzrl-_Aq5DMXyfcQ,https://moxfield.com/decks/t_NEOcsNAEivVRk8HS5-QQ?utm_source=edhrec&utm_medium=deck_summary,,Valakut Exploration,,$5.49
INMgWFQzrl-_Aq5DMXyfcQ,https://moxfield.com/decks/t_NEOcsNAEivVRk8HS5-QQ?utm_source=edhrec&utm_medium=deck_summary,,Virtue of Courage,,$2.99
INMgWFQzrl-_Aq5DMXyfcQ,https://moxfield.com/decks/t_NEOcsNAEivVRk8HS5-QQ?utm_source=edhrec&utm_medium=deck_summary,,"Chandra, Torch of Defiance",,$3.99
INMgWFQzrl-_Aq5DMXyfcQ,https://moxfield.com/decks/t_NEOcsNAEivVRk8HS5-QQ?utm_source=edhrec&utm_medium=deck_summary,,Mountain,,$0.35
INMgWFQzrl-_Aq5DMXyfcQ,https://moxfield.com/decks/t_NEOcsNAEivVRk8HS5-QQ?utm_source=edhrec&utm_medium=deck_summary,,War Room,,$4.99
QvMLSpN75oJE3WmKarE-BA,https://moxfield.com/decks/LPR0n2FYQES5o4fj-rcSUA?utm_source=edhrec&utm_medium=deck_summary,,"Birgi, God of Storytelling",Creature,$29.99
QvMLSpN75oJE3WmKarE-BA,https://moxfield.com/decks/LPR0n2FYQES5o4fj-rcSUA?utm_source=edhrec&utm_medium=deck_summary,,Coruscation Mage,Creature,$2.29
QvMLSpN75oJE3WmKarE-BA,https://moxfield.com/decks/LPR0n2FYQES5o4fj-rcSUA?utm_source=edhrec&utm_medium=deck_summary,,Erebor Flamesmith,Creature,$0.79
QvMLSpN75oJE3WmKarE-BA,https://moxfield.com/decks/LPR0n2FYQES5o4fj-rcSUA?utm_source=edhrec&utm_medium=deck_summary,,Firebrand Archer,Creature,$0.35
QvMLSpN75oJE3WmKarE-BA,https://moxfield.com/decks/LPR0n2FYQES5o4fj-rcSUA?utm_source=edhrec&utm_medium=deck_summary,,Gleeful Arsonist,Creature,$5.99
QvMLSpN75oJE3WmKarE-BA,https://moxfield.com/decks/LPR0n2FYQES5o4fj-rcSUA?utm_source=edhrec&utm_medium=deck_summary,,Guttersnipe,Creature,$0.49
QvMLSpN75oJE3WmKarE-BA,https://moxfield.com/decks/LPR0n2FYQES5o4fj-rcSUA?utm_source=edhrec&utm_medium=deck_summary,,Kessig Flamebreather,Creature,$3.49
QvMLSpN75oJE3WmKarE-BA,https://moxfield.com/decks/LPR0n2FYQES5o4fj-rcSUA?utm_source=edhrec&utm_medium=deck_summary,,Knollspine Dragon,Creature,$0.59
QvMLSpN75oJE3WmKarE-BA,https://moxfield.com/decks/LPR0n2FYQES5o4fj-rcSUA?utm_source=edhrec&utm_medium=deck_summary,,Magebane Lizard,Creature,$1.99
QvMLSpN75oJE3WmKarE-BA,https://moxfield.com/decks/LPR0n2FYQES5o4fj-rcSUA?utm_source=edhrec&utm_medium=deck_summary,,"Neheb, the Eternal",Creature,$2.49
QvMLSpN75oJE3WmKarE-BA,https://moxfield.com/decks/LPR0n2FYQES5o4fj-rcSUA?utm_source=edhrec&utm_medium=deck_summary,,Razorkin Needlehead,Creature,$9.49
QvMLSpN75oJE3WmKarE-BA,https://moxfield.com/decks/LPR0n2FYQES5o4fj-rcSUA?utm_source=edhrec&utm_medium=deck_summary,,"Solphim, Mayhem Dominus",Creature,$24.99
QvMLSpN75oJE3WmKarE-BA,https://moxfield.com/decks/LPR0n2FYQES5o4fj-rcSUA?utm_source=edhrec&utm_medium=deck_summary,,Bolt Bend,Instant,$6.49
QvMLSpN75oJE3WmKarE-BA,https://moxfield.com/decks/LPR0n2FYQES5o4fj-rcSUA?utm_source=edhrec&utm_medium=deck_summary,,Chaos Warp,Instant,$0.79
QvMLSpN75oJE3WmKarE-BA,https://moxfield.com/decks/LPR0n2FYQES5o4fj-rcSUA?utm_source=edhrec&utm_medium=deck_summary,,Deflecting Swat,Instant,$59.99
QvMLSpN75oJE3WmKarE-BA,https://moxfield.com/decks/LPR0n2FYQES5o4fj-rcSUA?utm_source=edhrec&utm_medium=deck_summary,,Delayed Blast Fireball,Instant,$12.99
QvMLSpN75oJE3WmKarE-BA,https://moxfield.com/decks/LPR0n2FYQES5o4fj-rcSUA?utm_source=edhrec&utm_medium=deck_summary,,Demand Answers,Instant,$0.69
QvMLSpN75oJE3WmKarE-BA,https://moxfield.com/decks/LPR0n2FYQES5o4fj-rcSUA?utm_source=edhrec&utm_medium=deck_summary,,Desperate Ritual,Instant,$3.49
QvMLSpN75oJE3WmKarE-BA,https://moxfield.com/decks/LPR0n2FYQES5o4fj-rcSUA?utm_source=edhrec&utm_medium=deck_summary,,Lava Dart,Instant,$0.99
QvMLSpN75oJE3WmKarE-BA,https://moxfield.com/decks/LPR0n2FYQES5o4fj-rcSUA?utm_source=edhrec&utm_medium=deck_summary,,Lightning Bolt,Instant,$1.79
QvMLSpN75oJE3WmKarE-BA,https://moxfield.com/decks/LPR0n2FYQES5o4fj-rcSUA?utm_source=edhrec&utm_medium=deck_summary,,Needle Drop,Instant,$2.79
QvMLSpN75oJE3WmKarE-BA,https://moxfield.com/decks/LPR0n2FYQES5o4fj-rcSUA?utm_source=edhrec&utm_medium=deck_summary,,Pyretic Ritual,Instant,$8.49
QvMLSpN75oJE3WmKarE-BA,https://moxfield.com/decks/LPR0n2FYQES5o4fj-rcSUA?utm_source=edhrec&utm_medium=deck_summary,,Pyroblast,Instant,$8.99
QvMLSpN75oJE3WmKarE-BA,https://moxfield.com/decks/LPR0n2FYQES5o4fj-rcSUA?utm_source=edhrec&utm_medium=deck_summary,,Red Elemental Blast,Instant,$4.99
QvMLSpN75oJE3WmKarE-BA,https://moxfield.com/decks/LPR0n2FYQES5o4fj-rcSUA?utm_source=edhrec&utm_medium=deck_summary,,Seething Song,Instant,$8.99
QvMLSpN75oJE3WmKarE-BA,https://moxfield.com/decks/LPR0n2FYQES5o4fj-rcSUA?utm_source=edhrec&utm_medium=deck_summary,,Spikefield Hazard,Instant,$0.69
QvMLSpN75oJE3WmKarE-BA,https://moxfield.com/decks/LPR0n2FYQES5o4fj-rcSUA?utm_source=edhrec&utm_medium=deck_summary,,Thrill of Possibility,Instant,$0.35
QvMLSpN75oJE3WmKarE-BA,https://moxfield.com/decks/LPR0n2FYQES5o4fj-rcSUA?utm_source=edhrec&utm_medium=deck_summary,,Tibalt's Trickery,Instant,$13.99
QvMLSpN75oJE3WmKarE-BA,https://moxfield.com/decks/LPR0n2FYQES5o4fj-rcSUA?utm_source=edhrec&utm_medium=deck_summary,,Untimely Malfunction,Instant,$7.49
QvMLSpN75oJE3WmKarE-BA,https://moxfield.com/decks/LPR0n2FYQES5o4fj-rcSUA?utm_source=edhrec&utm_medium=deck_summary,,Boltwave,Sorcery,$4.99
QvMLSpN75oJE3WmKarE-BA,https://moxfield.com/decks/LPR0n2FYQES5o4fj-rcSUA?utm_source=edhrec&utm_medium=deck_summary,,Chandra's Ignition,Sorcery,$5.99
QvMLSpN75oJE3WmKarE-BA,https://moxfield.com/decks/LPR0n2FYQES5o4fj-rcSUA?utm_source=edhrec&utm_medium=deck_summary,,End the Festivities,Sorcery,$0.69
QvMLSpN75oJE3WmKarE-BA,https://moxfield.com/decks/LPR0n2FYQES5o4fj-rcSUA?utm_source=edhrec&utm_medium=deck_summary,,Fiery Confluence,Sorcery,$0.69
QvMLSpN75oJE3WmKarE-BA,https://moxfield.com/decks/LPR0n2FYQES5o4fj-rcSUA?utm_source=edhrec&utm_medium=deck_summary,,Gamble,Sorcery,$13.99
QvMLSpN75oJE3WmKarE-BA,https://moxfield.com/decks/LPR0n2FYQES5o4fj-rcSUA?utm_source=edhrec&utm_medium=deck_summary,,Jeska's Will,Sorcery,$32.99
QvMLSpN75oJE3WmKarE-BA,https://moxfield.com/decks/LPR0n2FYQES5o4fj-rcSUA?utm_source=edhrec&utm_medium=deck_summary,,Light Up the Stage,Sorcery,$0.35
QvMLSpN75oJE3WmKarE-BA,https://moxfield.com/decks/LPR0n2FYQES5o4fj-rcSUA?utm_source=edhrec&utm_medium=deck_summary,,Mana Geyser,Sorcery,$3.49
QvMLSpN75oJE3WmKarE-BA,https://moxfield.com/decks/LPR0n2FYQES5o4fj-rcSUA?utm_source=edhrec&utm_medium=deck_summary,,Reckless Impulse,Sorcery,$1.29
QvMLSpN75oJE3WmKarE-BA,https://moxfield.com/decks/LPR0n2FYQES5o4fj-rcSUA?utm_source=edhrec&utm_medium=deck_summary,,Reforge the Soul,Sorcery,$4.49
QvMLSpN75oJE3WmKarE-BA,https://moxfield.com/decks/LPR0n2FYQES5o4fj-rcSUA?utm_source=edhrec&utm_medium=deck_summary,,Tectonic Hazard,Sorcery,$0.35
QvMLSpN75oJE3WmKarE-BA,https://moxfield.com/decks/LPR0n2FYQES5o4fj-rcSUA?utm_source=edhrec&utm_medium=deck_summary,,Vandalblast,Sorcery,$2.79
QvMLSpN75oJE3WmKarE-BA,https://moxfield.com/decks/LPR0n2FYQES5o4fj-rcSUA?utm_source=edhrec&utm_medium=deck_summary,,Wrenn's Resolve,Sorcery,$2.29
QvMLSpN75oJE3WmKarE-BA,https://moxfield.com/decks/LPR0n2FYQES5o4fj-rcSUA?utm_source=edhrec&utm_medium=deck_summary,,Arcane Signet,Artifact,$0.79
QvMLSpN75oJE3WmKarE-BA,https://moxfield.com/decks/LPR0n2FYQES5o4fj-rcSUA?utm_source=edhrec&utm_medium=deck_summary,,Blackblade Reforged,Artifact,$2.99
QvMLSpN75oJE3WmKarE-BA,https://moxfield.com/decks/LPR0n2FYQES5o4fj-rcSUA?utm_source=edhrec&utm_medium=deck_summary,,Chrome Mox,Artifact,$129.99
QvMLSpN75oJE3WmKarE-BA,https://moxfield.com/decks/LPR0n2FYQES5o4fj-rcSUA?utm_source=edhrec&utm_medium=deck_summary,,Commander's Plate,Artifact,$39.99
QvMLSpN75oJE3WmKarE-BA,https://moxfield.com/decks/LPR0n2FYQES5o4fj-rcSUA?utm_source=edhrec&utm_medium=deck_summary,,Conqueror's Flail,Artifact,$2.29
QvMLSpN75oJE3WmKarE-BA,https://moxfield.com/decks/LPR0n2FYQES5o4fj-rcSUA?utm_source=edhrec&utm_medium=deck_summary,,Fellwar Stone,Artifact,$1.99
QvMLSpN75oJE3WmKarE-BA,https://moxfield.com/decks/LPR0n2FYQES5o4fj-rcSUA?utm_source=edhrec&utm_medium=deck_summary,,Fire Diamond,Artifact,$0.59
QvMLSpN75oJE3WmKarE-BA,https://moxfield.com/decks/LPR0n2FYQES5o4fj-rcSUA?utm_source=edhrec&utm_medium=deck_summary,,Glamdring,Artifact,$2.79
QvMLSpN75oJE3WmKarE-BA,https://moxfield.com/decks/LPR0n2FYQES5o4fj-rcSUA?utm_source=edhrec&utm_medium=deck_summary,,Hero's Blade,Artifact,$0.35
QvMLSpN75oJE3WmKarE-BA,https://moxfield.com/decks/LPR0n2FYQES5o4fj-rcSUA?utm_source=edhrec&utm_medium=deck_summary,,Lotus Petal,Artifact,$29.99
QvMLSpN75oJE3WmKarE-BA,https://moxfield.com/decks/LPR0n2FYQES5o4fj-rcSUA?utm_source=edhrec&utm_medium=deck_summary,,Mana Vault,Artifact,$94.99
QvMLSpN75oJE3WmKarE-BA,https://moxfield.com/decks/LPR0n2FYQES5o4fj-rcSUA?utm_source=edhrec&utm_medium=deck_summary,,Ruby Medallion,Artifact,$11.99
QvMLSpN75oJE3WmKarE-BA,https://moxfield.com/decks/LPR0n2FYQES5o4fj-rcSUA?utm_source=edhrec&utm_medium=deck_summary,,Sensei's Divining Top,Artifact,$34.99
QvMLSpN75oJE3WmKarE-BA,https://moxfield.com/decks/LPR0n2FYQES5o4fj-rcSUA?utm_source=edhrec&utm_medium=deck_summary,,Sol Ring,Artifact,$1.79
QvMLSpN75oJE3WmKarE-BA,https://moxfield.com/decks/LPR0n2FYQES5o4fj-rcSUA?utm_source=edhrec&utm_medium=deck_summary,,Sword of Feast and Famine,Artifact,$39.99
QvMLSpN75oJE3WmKarE-BA,https://moxfield.com/decks/LPR0n2FYQES5o4fj-rcSUA?utm_source=edhrec&utm_medium=deck_summary,,"Tenza, Godo's Maul",Artifact,$1.79
QvMLSpN75oJE3WmKarE-BA,https://moxfield.com/decks/LPR0n2FYQES5o4fj-rcSUA?utm_source=edhrec&utm_medium=deck_summary,,The One Ring,Artifact,$94.99
QvMLSpN75oJE3WmKarE-BA,https://moxfield.com/decks/LPR0n2FYQES5o4fj-rcSUA?utm_source=edhrec&utm_medium=deck_summary,,Throne of Eldraine,Artifact,$32.99
QvMLSpN75oJE3WmKarE-BA,https://moxfield.com/decks/LPR0n2FYQES5o4fj-rcSUA?utm_source=edhrec&utm_medium=deck_summary,,Braid of Fire,Enchantment,$18.99
QvMLSpN75oJE3WmKarE-BA,https://moxfield.com/decks/LPR0n2FYQES5o4fj-rcSUA?utm_source=edhrec&utm_medium=deck_summary,,Burning Earth,Enchantment,$3.49
QvMLSpN75oJE3WmKarE-BA,https://moxfield.com/decks/LPR0n2FYQES5o4fj-rcSUA?utm_source=edhrec&utm_medium=deck_summary,,Fiery Inscription,Enchantment,$0.99
QvMLSpN75oJE3WmKarE-BA,https://moxfield.com/decks/LPR0n2FYQES5o4fj-rcSUA?utm_source=edhrec&utm_medium=deck_summary,,Pyrohemia,Enchantment,$13.99
QvMLSpN75oJE3WmKarE-BA,https://moxfield.com/decks/LPR0n2FYQES5o4fj-rcSUA?utm_source=edhrec&utm_medium=deck_summary,,Roiling Vortex,Enchantment,$1.79
QvMLSpN75oJE3WmKarE-BA,https://moxfield.com/decks/LPR0n2FYQES5o4fj-rcSUA?utm_source=edhrec&utm_medium=deck_summary,,Underworld Breach,Enchantment,$13.99
QvMLSpN75oJE3WmKarE-BA,https://moxfield.com/decks/LPR0n2FYQES5o4fj-rcSUA?utm_source=edhrec&utm_medium=deck_summary,,Urza's Saga,Land,$42.99
QvMLSpN75oJE3WmKarE-BA,https://moxfield.com/decks/LPR0n2FYQES5o4fj-rcSUA?utm_source=edhrec&utm_medium=deck_summary,,Ancient Tomb,Land,$99.99
QvMLSpN75oJE3WmKarE-BA,https://moxfield.com/decks/LPR0n2FYQES5o4fj-rcSUA?utm_source=edhrec&utm_medium=deck_summary,,Cavern of Souls,Land,$44.99
QvMLSpN75oJE3WmKarE-BA,https://moxfield.com/decks/LPR0n2FYQES5o4fj-rcSUA?utm_source=edhrec&utm_medium=deck_summary,,Command Beacon,Land,$8.99
QvMLSpN75oJE3WmKarE-BA,https://moxfield.com/decks/LPR0n2FYQES5o4fj-rcSUA?utm_source=edhrec&utm_medium=deck_summary,,Forgotten Cave,Land,$0.35
QvMLSpN75oJE3WmKarE-BA,https://moxfield.com/decks/LPR0n2FYQES5o4fj-rcSUA?utm_source=edhrec&utm_medium=deck_summary,,Shivan Gorge,Land,$0.59
QvMLSpN75oJE3WmKarE-BA,https://moxfield.com/decks/LPR0n2FYQES5o4fj-rcSUA?utm_source=edhrec&utm_medium=deck_summary,,Snow-Covered Mountain,Land,$0.99
QvMLSpN75oJE3WmKarE-BA,https://moxfield.com/decks/LPR0n2FYQES5o4fj-rcSUA?utm_source=edhrec&utm_medium=deck_summary,,"Valakut, the Molten Pinnacle",Land,$24.99
LeclZWXPoLtWnZxOwxt8kQ,https://moxfield.com/decks/BdvJpvVK0ky2ZYMzgZ_FWA?utm_source=edhrec&utm_medium=deck_summary,,"Birgi, God of Storytelling",Creature,$29.99
LeclZWXPoLtWnZxOwxt8kQ,https://moxfield.com/decks/BdvJpvVK0ky2ZYMzgZ_FWA?utm_source=edhrec&utm_medium=deck_summary,,Cemetery Gatekeeper,Creature,$2.29
LeclZWXPoLtWnZxOwxt8kQ,https://moxfield.com/decks/BdvJpvVK0ky2ZYMzgZ_FWA?utm_source=edhrec&utm_medium=deck_summary,,Coruscation Mage,Creature,$2.29
LeclZWXPoLtWnZxOwxt8kQ,https://moxfield.com/decks/BdvJpvVK0ky2ZYMzgZ_FWA?utm_source=edhrec&utm_medium=deck_summary,,Defiler of Instinct,Creature,$0.49
LeclZWXPoLtWnZxOwxt8kQ,https://moxfield.com/decks/BdvJpvVK0ky2ZYMzgZ_FWA?utm_source=edhrec&utm_medium=deck_summary,,"Electro, Assaulting Battery",Creature,$5.49
LeclZWXPoLtWnZxOwxt8kQ,https://moxfield.com/decks/BdvJpvVK0ky2ZYMzgZ_FWA?utm_source=edhrec&utm_medium=deck_summary,,Erebor Flamesmith,Creature,$0.79
LeclZWXPoLtWnZxOwxt8kQ,https://moxfield.com/decks/BdvJpvVK0ky2ZYMzgZ_FWA?utm_source=edhrec&utm_medium=deck_summary,,Firebrand Archer,Creature,$0.35
LeclZWXPoLtWnZxOwxt8kQ,https://moxfield.com/decks/BdvJpvVK0ky2ZYMzgZ_FWA?utm_source=edhrec&utm_medium=deck_summary,,Firespitter Whelp,Creature,$0.35
LeclZWXPoLtWnZxOwxt8kQ,https://moxfield.com/decks/BdvJpvVK0ky2ZYMzgZ_FWA?utm_source=edhrec&utm_medium=deck_summary,,Guttersnipe,Creature,$0.49
LeclZWXPoLtWnZxOwxt8kQ,https://moxfield.com/decks/BdvJpvVK0ky2ZYMzgZ_FWA?utm_source=edhrec&utm_medium=deck_summary,,Harsh Mentor,Creature,$0.49
LeclZWXPoLtWnZxOwxt8kQ,https://moxfield.com/decks/BdvJpvVK0ky2ZYMzgZ_FWA?utm_source=edhrec&utm_medium=deck_summary,,Iron Myr,Creature,$1.79
LeclZWXPoLtWnZxOwxt8kQ,https://moxfield.com/decks/BdvJpvVK0ky2ZYMzgZ_FWA?utm_source=edhrec&utm_medium=deck_summary,,Kessig Flamebreather,Creature,$3.49
LeclZWXPoLtWnZxOwxt8kQ,https://moxfield.com/decks/BdvJpvVK0ky2ZYMzgZ_FWA?utm_source=edhrec&utm_medium=deck_summary,,Kindlespark Duo,Creature,$0.35
LeclZWXPoLtWnZxOwxt8kQ,https://moxfield.com/decks/BdvJpvVK0ky2ZYMzgZ_FWA?utm_source=edhrec&utm_medium=deck_summary,,Rampaging Ferocidon,Creature,$0.99
LeclZWXPoLtWnZxOwxt8kQ,https://moxfield.com/decks/BdvJpvVK0ky2ZYMzgZ_FWA?utm_source=edhrec&utm_medium=deck_summary,,Razorkin Needlehead,Creature,$9.49
LeclZWXPoLtWnZxOwxt8kQ,https://moxfield.com/decks/BdvJpvVK0ky2ZYMzgZ_FWA?utm_source=edhrec&utm_medium=deck_summary,,Spider-Punk,Creature,$5.49
LeclZWXPoLtWnZxOwxt8kQ,https://moxfield.com/decks/BdvJpvVK0ky2ZYMzgZ_FWA?utm_source=edhrec&utm_medium=deck_summary,,Thermo-Alchemist,Creature,$0.39
LeclZWXPoLtWnZxOwxt8kQ,https://moxfield.com/decks/BdvJpvVK0ky2ZYMzgZ_FWA?utm_source=edhrec&utm_medium=deck_summary,,Unruly Catapult,Creature,$0.39
LeclZWXPoLtWnZxOwxt8kQ,https://moxfield.com/decks/BdvJpvVK0ky2ZYMzgZ_FWA?utm_source=edhrec&utm_medium=deck_summary,,Abrade,Instant,$0.35
LeclZWXPoLtWnZxOwxt8kQ,https://moxfield.com/decks/BdvJpvVK0ky2ZYMzgZ_FWA?utm_source=edhrec&utm_medium=deck_summary,,Antagonize,Instant,$0.35
LeclZWXPoLtWnZxOwxt8kQ,https://moxfield.com/decks/BdvJpvVK0ky2ZYMzgZ_FWA?utm_source=edhrec&utm_medium=deck_summary,,Blazing Crescendo,Instant,$0.49
LeclZWXPoLtWnZxOwxt8kQ,https://moxfield.com/decks/BdvJpvVK0ky2ZYMzgZ_FWA?utm_source=edhrec&utm_medium=deck_summary,,Brute Force,Instant,$0.35
LeclZWXPoLtWnZxOwxt8kQ,https://moxfield.com/decks/BdvJpvVK0ky2ZYMzgZ_FWA?utm_source=edhrec&utm_medium=deck_summary,,Bulk Up,Instant,$0.99
LeclZWXPoLtWnZxOwxt8kQ,https://moxfield.com/decks/BdvJpvVK0ky2ZYMzgZ_FWA?utm_source=edhrec&utm_medium=deck_summary,,Delayed Blast Fireball,Instant,$12.99
LeclZWXPoLtWnZxOwxt8kQ,https://moxfield.com/decks/BdvJpvVK0ky2ZYMzgZ_FWA?utm_source=edhrec&utm_medium=deck_summary,,Desperate Ritual,Instant,$3.49
LeclZWXPoLtWnZxOwxt8kQ,https://moxfield.com/decks/BdvJpvVK0ky2ZYMzgZ_FWA?utm_source=edhrec&utm_medium=deck_summary,,Full Bore,Instant,$0.35
LeclZWXPoLtWnZxOwxt8kQ,https://moxfield.com/decks/BdvJpvVK0ky2ZYMzgZ_FWA?utm_source=edhrec&utm_medium=deck_summary,,Haste Magic,Instant,$0.35
LeclZWXPoLtWnZxOwxt8kQ,https://moxfield.com/decks/BdvJpvVK0ky2ZYMzgZ_FWA?utm_source=edhrec&utm_medium=deck_summary,,Invoke Calamity,Instant,$0.49
LeclZWXPoLtWnZxOwxt8kQ,https://moxfield.com/decks/BdvJpvVK0ky2ZYMzgZ_FWA?utm_source=edhrec&utm_medium=deck_summary,,Monstrous Rage,Instant,$1.29
LeclZWXPoLtWnZxOwxt8kQ,https://moxfield.com/decks/BdvJpvVK0ky2ZYMzgZ_FWA?utm_source=edhrec&utm_medium=deck_summary,,Pyretic Ritual,Instant,$8.49
LeclZWXPoLtWnZxOwxt8kQ,https://moxfield.com/decks/BdvJpvVK0ky2ZYMzgZ_FWA?utm_source=edhrec&utm_medium=deck_summary,,Reverberate,Instant,$2.99
LeclZWXPoLtWnZxOwxt8kQ,https://moxfield.com/decks/BdvJpvVK0ky2ZYMzgZ_FWA?utm_source=edhrec&utm_medium=deck_summary,,Sazacap's Brew,Instant,$0.35
LeclZWXPoLtWnZxOwxt8kQ,https://moxfield.com/decks/BdvJpvVK0ky2ZYMzgZ_FWA?utm_source=edhrec&utm_medium=deck_summary,,Shatter,Instant,$0.35
LeclZWXPoLtWnZxOwxt8kQ,https://moxfield.com/decks/BdvJpvVK0ky2ZYMzgZ_FWA?utm_source=edhrec&utm_medium=deck_summary,,Siege Smash,Instant,$0.35
LeclZWXPoLtWnZxOwxt8kQ,https://moxfield.com/decks/BdvJpvVK0ky2ZYMzgZ_FWA?utm_source=edhrec&utm_medium=deck_summary,,Thrill of Possibility,Instant,$0.35
LeclZWXPoLtWnZxOwxt8kQ,https://moxfield.com/decks/BdvJpvVK0ky2ZYMzgZ_FWA?utm_source=edhrec&utm_medium=deck_summary,,Titan's Strength,Instant,$0.35
LeclZWXPoLtWnZxOwxt8kQ,https://moxfield.com/decks/BdvJpvVK0ky2ZYMzgZ_FWA?utm_source=edhrec&utm_medium=deck_summary,,Unleash Fury,Instant,$0.59
LeclZWXPoLtWnZxOwxt8kQ,https://moxfield.com/decks/BdvJpvVK0ky2ZYMzgZ_FWA?utm_source=edhrec&utm_medium=deck_summary,,Valakut Awakening,Instant,$17.99
LeclZWXPoLtWnZxOwxt8kQ,https://moxfield.com/decks/BdvJpvVK0ky2ZYMzgZ_FWA?utm_source=edhrec&utm_medium=deck_summary,,Boltwave,Sorcery,$4.99
LeclZWXPoLtWnZxOwxt8kQ,https://moxfield.com/decks/BdvJpvVK0ky2ZYMzgZ_FWA?utm_source=edhrec&utm_medium=deck_summary,,End the Festivities,Sorcery,$0.69
LeclZWXPoLtWnZxOwxt8kQ,https://moxfield.com/decks/BdvJpvVK0ky2ZYMzgZ_FWA?utm_source=edhrec&utm_medium=deck_summary,,Faithless Looting,Sorcery,$0.69
LeclZWXPoLtWnZxOwxt8kQ,https://moxfield.com/decks/BdvJpvVK0ky2ZYMzgZ_FWA?utm_source=edhrec&utm_medium=deck_summary,,Fiery Confluence,Sorcery,$0.69
LeclZWXPoLtWnZxOwxt8kQ,https://moxfield.com/decks/BdvJpvVK0ky2ZYMzgZ_FWA?utm_source=edhrec&utm_medium=deck_summary,,Finale of Promise,Sorcery,$0.99
LeclZWXPoLtWnZxOwxt8kQ,https://moxfield.com/decks/BdvJpvVK0ky2ZYMzgZ_FWA?utm_source=edhrec&utm_medium=deck_summary,,Grapeshot,Sorcery,$0.35
LeclZWXPoLtWnZxOwxt8kQ,https://moxfield.com/decks/BdvJpvVK0ky2ZYMzgZ_FWA?utm_source=edhrec&utm_medium=deck_summary,,Heroes' Hangout,Sorcery,$0.35
LeclZWXPoLtWnZxOwxt8kQ,https://moxfield.com/decks/BdvJpvVK0ky2ZYMzgZ_FWA?utm_source=edhrec&utm_medium=deck_summary,,Magic Missile,Sorcery,$0.35
LeclZWXPoLtWnZxOwxt8kQ,https://moxfield.com/decks/BdvJpvVK0ky2ZYMzgZ_FWA?utm_source=edhrec&utm_medium=deck_summary,,Past in Flames,Sorcery,$1.79
LeclZWXPoLtWnZxOwxt8kQ,https://moxfield.com/decks/BdvJpvVK0ky2ZYMzgZ_FWA?utm_source=edhrec&utm_medium=deck_summary,,Romantic Rendezvous,Sorcery,$0.35
LeclZWXPoLtWnZxOwxt8kQ,https://moxfield.com/decks/BdvJpvVK0ky2ZYMzgZ_FWA?utm_source=edhrec&utm_medium=deck_summary,,Tectonic Hazard,Sorcery,$0.35
LeclZWXPoLtWnZxOwxt8kQ,https://moxfield.com/decks/BdvJpvVK0ky2ZYMzgZ_FWA?utm_source=edhrec&utm_medium=deck_summary,,Vandalblast,Sorcery,$2.79
LeclZWXPoLtWnZxOwxt8kQ,https://moxfield.com/decks/BdvJpvVK0ky2ZYMzgZ_FWA?utm_source=edhrec&utm_medium=deck_summary,,Winds of Change,Sorcery,$5.99
LeclZWXPoLtWnZxOwxt8kQ,https://moxfield.com/decks/BdvJpvVK0ky2ZYMzgZ_FWA?utm_source=edhrec&utm_medium=deck_summary,,Witch's Mark,Sorcery,$0.35
LeclZWXPoLtWnZxOwxt8kQ,https://moxfield.com/decks/BdvJpvVK0ky2ZYMzgZ_FWA?utm_source=edhrec&utm_medium=deck_summary,,Arcane Signet,Artifact,$0.79
LeclZWXPoLtWnZxOwxt8kQ,https://moxfield.com/decks/BdvJpvVK0ky2ZYMzgZ_FWA?utm_source=edhrec&utm_medium=deck_summary,,Commander's Plate,Artifact,$39.99
LeclZWXPoLtWnZxOwxt8kQ,https://moxfield.com/decks/BdvJpvVK0ky2ZYMzgZ_FWA?utm_source=edhrec&utm_medium=deck_summary,,Fellwar Stone,Artifact,$1.99
LeclZWXPoLtWnZxOwxt8kQ,https://moxfield.com/decks/BdvJpvVK0ky2ZYMzgZ_FWA?utm_source=edhrec&utm_medium=deck_summary,,Lightning Greaves,Artifact,$6.49
LeclZWXPoLtWnZxOwxt8kQ,https://moxfield.com/decks/BdvJpvVK0ky2ZYMzgZ_FWA?utm_source=edhrec&utm_medium=deck_summary,,Mind Stone,Artifact,$0.49
LeclZWXPoLtWnZxOwxt8kQ,https://moxfield.com/decks/BdvJpvVK0ky2ZYMzgZ_FWA?utm_source=edhrec&utm_medium=deck_summary,,Prismatic Lens,Artifact,$0.69
LeclZWXPoLtWnZxOwxt8kQ,https://moxfield.com/decks/BdvJpvVK0ky2ZYMzgZ_FWA?utm_source=edhrec&utm_medium=deck_summary,,Ruby Medallion,Artifact,$11.99
LeclZWXPoLtWnZxOwxt8kQ,https://moxfield.com/decks/BdvJpvVK0ky2ZYMzgZ_FWA?utm_source=edhrec&utm_medium=deck_summary,,Sol Ring,Artifact,$1.79
LeclZWXPoLtWnZxOwxt8kQ,https://moxfield.com/decks/BdvJpvVK0ky2ZYMzgZ_FWA?utm_source=edhrec&utm_medium=deck_summary,,Blood Moon,Enchantment,$8.99
LeclZWXPoLtWnZxOwxt8kQ,https://moxfield.com/decks/BdvJpvVK0ky2ZYMzgZ_FWA?utm_source=edhrec&utm_medium=deck_summary,,Burning Earth,Enchantment,$3.49
LeclZWXPoLtWnZxOwxt8kQ,https://moxfield.com/decks/BdvJpvVK0ky2ZYMzgZ_FWA?utm_source=edhrec&utm_medium=deck_summary,,Count on Luck,Enchantment,$0.49
LeclZWXPoLtWnZxOwxt8kQ,https://moxfield.com/decks/BdvJpvVK0ky2ZYMzgZ_FWA?utm_source=edhrec&utm_medium=deck_summary,,Fiery Inscription,Enchantment,$0.99
LeclZWXPoLtWnZxOwxt8kQ,https://moxfield.com/decks/BdvJpvVK0ky2ZYMzgZ_FWA?utm_source=edhrec&utm_medium=deck_summary,,Manabarbs,Enchantment,$4.99
LeclZWXPoLtWnZxOwxt8kQ,https://moxfield.com/decks/BdvJpvVK0ky2ZYMzgZ_FWA?utm_source=edhrec&utm_medium=deck_summary,,Outpost Siege,Enchantment,$0.49
LeclZWXPoLtWnZxOwxt8kQ,https://moxfield.com/decks/BdvJpvVK0ky2ZYMzgZ_FWA?utm_source=edhrec&utm_medium=deck_summary,,Sulfuric Vortex,Enchantment,$1.49
LeclZWXPoLtWnZxOwxt8kQ,https://moxfield.com/decks/BdvJpvVK0ky2ZYMzgZ_FWA?utm_source=edhrec&utm_medium=deck_summary,,Underworld Breach,Enchantment,$13.99
LeclZWXPoLtWnZxOwxt8kQ,https://moxfield.com/decks/BdvJpvVK0ky2ZYMzgZ_FWA?utm_source=edhrec&utm_medium=deck_summary,,Mountain,Land,$0.35
ZYCC1Omf7hhP0M-yEvQYZw,https://archidekt.com/decks/6679966?utm_source=edhrec&utm_medium=deck_summary,,Coruscation Mage,Creature,$2.29
ZYCC1Omf7hhP0M-yEvQYZw,https://archidekt.com/decks/6679966?utm_source=edhrec&utm_medium=deck_summary,,Defiler of Instinct,Creature,$0.49
ZYCC1Omf7hhP0M-yEvQYZw,https://archidekt.com/decks/6679966?utm_source=edhrec&utm_medium=deck_summary,,Guttersnipe,Creature,$0.49
ZYCC1Omf7hhP0M-yEvQYZw,https://archidekt.com/decks/6679966?utm_source=edhrec&utm_medium=deck_summary,,Harsh Mentor,Creature,$0.49
ZYCC1Omf7hhP0M-yEvQYZw,https://archidekt.com/decks/6679966?utm_source=edhrec&utm_medium=deck_summary,,Kessig Flamebreather,Creature,$3.49
ZYCC1Omf7hhP0M-yEvQYZw,https://archidekt.com/decks/6679966?utm_source=edhrec&utm_medium=deck_summary,,Obsidian Fireheart,Creature,$1.49
ZYCC1Omf7hhP0M-yEvQYZw,https://archidekt.com/decks/6679966?utm_source=edhrec&utm_medium=deck_summary,,Pyroclastic Hellion,Creature,$0.35
ZYCC1Omf7hhP0M-yEvQYZw,https://archidekt.com/decks/6679966?utm_source=edhrec&utm_medium=deck_summary,,Razorkin Needlehead,Creature,$9.49
ZYCC1Omf7hhP0M-yEvQYZw,https://archidekt.com/decks/6679966?utm_source=edhrec&utm_medium=deck_summary,,Sawblade Scamp,Creature,$0.35
ZYCC1Omf7hhP0M-yEvQYZw,https://archidekt.com/decks/6679966?utm_source=edhrec&utm_medium=deck_summary,,Spear Spewer,Creature,$0.35
ZYCC1Omf7hhP0M-yEvQYZw,https://archidekt.com/decks/6679966?utm_source=edhrec&utm_medium=deck_summary,,Spitfire Lagac,Creature,$0.35
ZYCC1Omf7hhP0M-yEvQYZw,https://archidekt.com/decks/6679966?utm_source=edhrec&utm_medium=deck_summary,,Thermo-Alchemist,Creature,$0.39
ZYCC1Omf7hhP0M-yEvQYZw,https://archidekt.com/decks/6679966?utm_source=edhrec&utm_medium=deck_summary,,Tunneling Geopede,Creature,$0.99
ZYCC1Omf7hhP0M-yEvQYZw,https://archidekt.com/decks/6679966?utm_source=edhrec&utm_medium=deck_summary,,Unruly Catapult,Creature,$0.39
ZYCC1Omf7hhP0M-yEvQYZw,https://archidekt.com/decks/6679966?utm_source=edhrec&utm_medium=deck_summary,,Urabrask,Creature,$19.99
ZYCC1Omf7hhP0M-yEvQYZw,https://archidekt.com/decks/6679966?utm_source=edhrec&utm_medium=deck_summary,,Brute Force,Instant,$0.35
ZYCC1Omf7hhP0M-yEvQYZw,https://archidekt.com/decks/6679966?utm_source=edhrec&utm_medium=deck_summary,,Demand Answers,Instant,$0.69
ZYCC1Omf7hhP0M-yEvQYZw,https://archidekt.com/decks/6679966?utm_source=edhrec&utm_medium=deck_summary,,Downhill Charge,Instant,$0.35
ZYCC1Omf7hhP0M-yEvQYZw,https://archidekt.com/decks/6679966?utm_source=edhrec&utm_medium=deck_summary,,Flick a Coin,Instant,$0.35
ZYCC1Omf7hhP0M-yEvQYZw,https://archidekt.com/decks/6679966?utm_source=edhrec&utm_medium=deck_summary,,Infuriate,Instant,$0.35
ZYCC1Omf7hhP0M-yEvQYZw,https://archidekt.com/decks/6679966?utm_source=edhrec&utm_medium=deck_summary,,Lava Dart,Instant,$0.99
ZYCC1Omf7hhP0M-yEvQYZw,https://archidekt.com/decks/6679966?utm_source=edhrec&utm_medium=deck_summary,,Needle Drop,Instant,$2.79
ZYCC1Omf7hhP0M-yEvQYZw,https://archidekt.com/decks/6679966?utm_source=edhrec&utm_medium=deck_summary,,Red Elemental Blast,Instant,$4.99
ZYCC1Omf7hhP0M-yEvQYZw,https://archidekt.com/decks/6679966?utm_source=edhrec&utm_medium=deck_summary,,Rush of Blood,Instant,$0.35
ZYCC1Omf7hhP0M-yEvQYZw,https://archidekt.com/decks/6679966?utm_source=edhrec&utm_medium=deck_summary,,Shock,Instant,$0.35
ZYCC1Omf7hhP0M-yEvQYZw,https://archidekt.com/decks/6679966?utm_source=edhrec&utm_medium=deck_summary,,Spikefield Hazard,Instant,$0.69
ZYCC1Omf7hhP0M-yEvQYZw,https://archidekt.com/decks/6679966?utm_source=edhrec&utm_medium=deck_summary,,Thrill of Possibility,Instant,$0.35
ZYCC1Omf7hhP0M-yEvQYZw,https://archidekt.com/decks/6679966?utm_source=edhrec&utm_medium=deck_summary,,Titan's Strength,Instant,$0.35
ZYCC1Omf7hhP0M-yEvQYZw,https://archidekt.com/decks/6679966?utm_source=edhrec&utm_medium=deck_summary,,Unleash Fury,Instant,$0.59
ZYCC1Omf7hhP0M-yEvQYZw,https://archidekt.com/decks/6679966?utm_source=edhrec&utm_medium=deck_summary,,Untimely Malfunction,Instant,$7.49
ZYCC1Omf7hhP0M-yEvQYZw,https://archidekt.com/decks/6679966?utm_source=edhrec&utm_medium=deck_summary,,Volcanic Fallout,Instant,$0.35
ZYCC1Omf7hhP0M-yEvQYZw,https://archidekt.com/decks/6679966?utm_source=edhrec&utm_medium=deck_summary,,End the Festivities,Sorcery,$0.69
ZYCC1Omf7hhP0M-yEvQYZw,https://archidekt.com/decks/6679966?utm_source=edhrec&utm_medium=deck_summary,,Faithless Looting,Sorcery,$0.69
ZYCC1Omf7hhP0M-yEvQYZw,https://archidekt.com/decks/6679966?utm_source=edhrec&utm_medium=deck_summary,,Fiery Confluence,Sorcery,$0.69
ZYCC1Omf7hhP0M-yEvQYZw,https://archidekt.com/decks/6679966?utm_source=edhrec&utm_medium=deck_summary,,Grab the Prize,Sorcery,$0.99
ZYCC1Omf7hhP0M-yEvQYZw,https://archidekt.com/decks/6679966?utm_source=edhrec&utm_medium=deck_summary,,Grapeshot,Sorcery,$0.35
ZYCC1Omf7hhP0M-yEvQYZw,https://archidekt.com/decks/6679966?utm_source=edhrec&utm_medium=deck_summary,,Reckless Charge,Sorcery,$0.35
ZYCC1Omf7hhP0M-yEvQYZw,https://archidekt.com/decks/6679966?utm_source=edhrec&utm_medium=deck_summary,,Tectonic Hazard,Sorcery,$0.35
ZYCC1Omf7hhP0M-yEvQYZw,https://archidekt.com/decks/6679966?utm_source=edhrec&utm_medium=deck_summary,,Volcanic Spray,Sorcery,$0.99
ZYCC1Omf7hhP0M-yEvQYZw,https://archidekt.com/decks/6679966?utm_source=edhrec&utm_medium=deck_summary,,Wild Guess,Sorcery,$0.35
ZYCC1Omf7hhP0M-yEvQYZw,https://archidekt.com/decks/6679966?utm_source=edhrec&utm_medium=deck_summary,,Wild Ride,Sorcery,$0.35
ZYCC1Omf7hhP0M-yEvQYZw,https://archidekt.com/decks/6679966?utm_source=edhrec&utm_medium=deck_summary,,Chainsaw,Artifact,$0.99
ZYCC1Omf7hhP0M-yEvQYZw,https://archidekt.com/decks/6679966?utm_source=edhrec&utm_medium=deck_summary,,Champion's Helm,Artifact,$1.79
ZYCC1Omf7hhP0M-yEvQYZw,https://archidekt.com/decks/6679966?utm_source=edhrec&utm_medium=deck_summary,,Commander's Sphere,Artifact,$0.35
ZYCC1Omf7hhP0M-yEvQYZw,https://archidekt.com/decks/6679966?utm_source=edhrec&utm_medium=deck_summary,,Darksteel Plate,Artifact,$5.49
ZYCC1Omf7hhP0M-yEvQYZw,https://archidekt.com/decks/6679966?utm_source=edhrec&utm_medium=deck_summary,,Fire Diamond,Artifact,$0.59
ZYCC1Omf7hhP0M-yEvQYZw,https://archidekt.com/decks/6679966?utm_source=edhrec&utm_medium=deck_summary,,Hero's Blade,Artifact,$0.35
ZYCC1Omf7hhP0M-yEvQYZw,https://archidekt.com/decks/6679966?utm_source=edhrec&utm_medium=deck_summary,,Infinite Hourglass,Artifact,$0.59
ZYCC1Omf7hhP0M-yEvQYZw,https://archidekt.com/decks/6679966?utm_source=edhrec&utm_medium=deck_summary,,Leyline Axe,Artifact,$2.49
ZYCC1Omf7hhP0M-yEvQYZw,https://archidekt.com/decks/6679966?utm_source=edhrec&utm_medium=deck_summary,,Mirran Banesplitter,Artifact,$0.35
ZYCC1Omf7hhP0M-yEvQYZw,https://archidekt.com/decks/6679966?utm_source=edhrec&utm_medium=deck_summary,,Nyx Lotus,Artifact,$7.99
ZYCC1Omf7hhP0M-yEvQYZw,https://archidekt.com/decks/6679966?utm_source=edhrec&utm_medium=deck_summary,,Ruby Medallion,Artifact,$11.99
ZYCC1Omf7hhP0M-yEvQYZw,https://archidekt.com/decks/6679966?utm_source=edhrec&utm_medium=deck_summary,,Swiftfoot Boots,Artifact,$2.49
ZYCC1Omf7hhP0M-yEvQYZw,https://archidekt.com/decks/6679966?utm_source=edhrec&utm_medium=deck_summary,,Claws of Valakut,Enchantment,$0.35
ZYCC1Omf7hhP0M-yEvQYZw,https://archidekt.com/decks/6679966?utm_source=edhrec&utm_medium=deck_summary,,Dragon Mantle,Enchantment,$0.35
ZYCC1Omf7hhP0M-yEvQYZw,https://archidekt.com/decks/6679966?utm_source=edhrec&utm_medium=deck_summary,,Glassworks // Shattered Yard,Enchantment,$0.35
ZYCC1Omf7hhP0M-yEvQYZw,https://archidekt.com/decks/6679966?utm_source=edhrec&utm_medium=deck_summary,,Granite Grip,Enchantment,$0.35
ZYCC1Omf7hhP0M-yEvQYZw,https://archidekt.com/decks/6679966?utm_source=edhrec&utm_medium=deck_summary,,Leyline of Combustion,Enchantment,$0.49
ZYCC1Omf7hhP0M-yEvQYZw,https://archidekt.com/decks/6679966?utm_source=edhrec&utm_medium=deck_summary,,Leyline of Lightning,Enchantment,$0.49
ZYCC1Omf7hhP0M-yEvQYZw,https://archidekt.com/decks/6679966?utm_source=edhrec&utm_medium=deck_summary,,Leyline of Punishment,Enchantment,$3.99
ZYCC1Omf7hhP0M-yEvQYZw,https://archidekt.com/decks/6679966?utm_source=edhrec&utm_medium=deck_summary,,Leyline of Resonance,Enchantment,$0.49
ZYCC1Omf7hhP0M-yEvQYZw,https://archidekt.com/decks/6679966?utm_source=edhrec&utm_medium=deck_summary,,Manabarbs,Enchantment,$4.99
ZYCC1Omf7hhP0M-yEvQYZw,https://archidekt.com/decks/6679966?utm_source=edhrec&utm_medium=deck_summary,,Sulfuric Vortex,Enchantment,$1.49
ZYCC1Omf7hhP0M-yEvQYZw,https://archidekt.com/decks/6679966?utm_source=edhrec&utm_medium=deck_summary,,"Rowan, Fearless Sparkmage",Planeswalker,$0.99
ZYCC1Omf7hhP0M-yEvQYZw,https://archidekt.com/decks/6679966?utm_source=edhrec&utm_medium=deck_summary,,Hidden Volcano,Land,$0.35
ZYCC1Omf7hhP0M-yEvQYZw,https://archidekt.com/decks/6679966?utm_source=edhrec&utm_medium=deck_summary,,Mountain,Land,$0.35
ZYCC1Omf7hhP0M-yEvQYZw,https://archidekt.com/decks/6679966?utm_source=edhrec&utm_medium=deck_summary,,Myriad Landscape,Myriad LandscapeMyriad Landscape,$0.35
idgxoSeng1ISbmJTszkmcw,https://moxfield.com/decks/bh7iU0tnCU6UxUfsyUBAjg?utm_source=edhrec&utm_medium=deck_summary,,"Birgi, God of Storytelling",Creature,$29.99
idgxoSeng1ISbmJTszkmcw,https://moxfield.com/decks/bh7iU0tnCU6UxUfsyUBAjg?utm_source=edhrec&utm_medium=deck_summary,,Blisterspit Gremlin,Creature,$0.35
idgxoSeng1ISbmJTszkmcw,https://moxfield.com/decks/bh7iU0tnCU6UxUfsyUBAjg?utm_source=edhrec&utm_medium=deck_summary,,Chandra's Incinerator,Creature,$3.49
idgxoSeng1ISbmJTszkmcw,https://moxfield.com/decks/bh7iU0tnCU6UxUfsyUBAjg?utm_source=edhrec&utm_medium=deck_summary,,Cinder Pyromancer,Creature,$0.35
idgxoSeng1ISbmJTszkmcw,https://moxfield.com/decks/bh7iU0tnCU6UxUfsyUBAjg?utm_source=edhrec&utm_medium=deck_summary,,Defiler of Instinct,Creature,$0.49
idgxoSeng1ISbmJTszkmcw,https://moxfield.com/decks/bh7iU0tnCU6UxUfsyUBAjg?utm_source=edhrec&utm_medium=deck_summary,,Electrostatic Field,Creature,$2.29
idgxoSeng1ISbmJTszkmcw,https://moxfield.com/decks/bh7iU0tnCU6UxUfsyUBAjg?utm_source=edhrec&utm_medium=deck_summary,,Erebor Flamesmith,Creature,$0.79
idgxoSeng1ISbmJTszkmcw,https://moxfield.com/decks/bh7iU0tnCU6UxUfsyUBAjg?utm_source=edhrec&utm_medium=deck_summary,,Firebrand Archer,Creature,$0.35
idgxoSeng1ISbmJTszkmcw,https://moxfield.com/decks/bh7iU0tnCU6UxUfsyUBAjg?utm_source=edhrec&utm_medium=deck_summary,,Gibbering Fiend,Creature,$0.35
idgxoSeng1ISbmJTszkmcw,https://moxfield.com/decks/bh7iU0tnCU6UxUfsyUBAjg?utm_source=edhrec&utm_medium=deck_summary,,Goblin Chainwhirler,Creature,$0.99
idgxoSeng1ISbmJTszkmcw,https://moxfield.com/decks/bh7iU0tnCU6UxUfsyUBAjg?utm_source=edhrec&utm_medium=deck_summary,,Guttersnipe,Creature,$0.49
idgxoSeng1ISbmJTszkmcw,https://moxfield.com/decks/bh7iU0tnCU6UxUfsyUBAjg?utm_source=edhrec&utm_medium=deck_summary,,Harsh Mentor,Creature,$0.49
idgxoSeng1ISbmJTszkmcw,https://moxfield.com/decks/bh7iU0tnCU6UxUfsyUBAjg?utm_source=edhrec&utm_medium=deck_summary,,Immolation Shaman,Creature,$0.59
idgxoSeng1ISbmJTszkmcw,https://moxfield.com/decks/bh7iU0tnCU6UxUfsyUBAjg?utm_source=edhrec&utm_medium=deck_summary,,Kessig Flamebreather,Creature,$3.49
idgxoSeng1ISbmJTszkmcw,https://moxfield.com/decks/bh7iU0tnCU6UxUfsyUBAjg?utm_source=edhrec&utm_medium=deck_summary,,"Neheb, the Eternal",Creature,$2.49
idgxoSeng1ISbmJTszkmcw,https://moxfield.com/decks/bh7iU0tnCU6UxUfsyUBAjg?utm_source=edhrec&utm_medium=deck_summary,,Rampaging Ferocidon,Creature,$0.99
idgxoSeng1ISbmJTszkmcw,https://moxfield.com/decks/bh7iU0tnCU6UxUfsyUBAjg?utm_source=edhrec&utm_medium=deck_summary,,Razorkin Needlehead,Creature,$9.49
idgxoSeng1ISbmJTszkmcw,https://moxfield.com/decks/bh7iU0tnCU6UxUfsyUBAjg?utm_source=edhrec&utm_medium=deck_summary,,Sawblade Scamp,Creature,$0.35
idgxoSeng1ISbmJTszkmcw,https://moxfield.com/decks/bh7iU0tnCU6UxUfsyUBAjg?utm_source=edhrec&utm_medium=deck_summary,,Spear Spewer,Creature,$0.35
idgxoSeng1ISbmJTszkmcw,https://moxfield.com/decks/bh7iU0tnCU6UxUfsyUBAjg?utm_source=edhrec&utm_medium=deck_summary,,Spitfire Lagac,Creature,$0.35
idgxoSeng1ISbmJTszkmcw,https://moxfield.com/decks/bh7iU0tnCU6UxUfsyUBAjg?utm_source=edhrec&utm_medium=deck_summary,,Thermo-Alchemist,Creature,$0.39
idgxoSeng1ISbmJTszkmcw,https://moxfield.com/decks/bh7iU0tnCU6UxUfsyUBAjg?utm_source=edhrec&utm_medium=deck_summary,,Tunneling Geopede,Creature,$0.99
idgxoSeng1ISbmJTszkmcw,https://moxfield.com/decks/bh7iU0tnCU6UxUfsyUBAjg?utm_source=edhrec&utm_medium=deck_summary,,Unruly Catapult,Creature,$0.39
idgxoSeng1ISbmJTszkmcw,https://moxfield.com/decks/bh7iU0tnCU6UxUfsyUBAjg?utm_source=edhrec&utm_medium=deck_summary,,Urabrask,Creature,$19.99
idgxoSeng1ISbmJTszkmcw,https://moxfield.com/decks/bh7iU0tnCU6UxUfsyUBAjg?utm_source=edhrec&utm_medium=deck_summary,,Zo-Zu the Punisher,Creature,$16.99
idgxoSeng1ISbmJTszkmcw,https://moxfield.com/decks/bh7iU0tnCU6UxUfsyUBAjg?utm_source=edhrec&utm_medium=deck_summary,,Bolt Bend,Instant,$6.49
idgxoSeng1ISbmJTszkmcw,https://moxfield.com/decks/bh7iU0tnCU6UxUfsyUBAjg?utm_source=edhrec&utm_medium=deck_summary,,Deflecting Swat,Instant,$59.99
idgxoSeng1ISbmJTszkmcw,https://moxfield.com/decks/bh7iU0tnCU6UxUfsyUBAjg?utm_source=edhrec&utm_medium=deck_summary,,Flick a Coin,Instant,$0.35
idgxoSeng1ISbmJTszkmcw,https://moxfield.com/decks/bh7iU0tnCU6UxUfsyUBAjg?utm_source=edhrec&utm_medium=deck_summary,,Gut Shot,Instant,$5.49
idgxoSeng1ISbmJTszkmcw,https://moxfield.com/decks/bh7iU0tnCU6UxUfsyUBAjg?utm_source=edhrec&utm_medium=deck_summary,,Lava Dart,Instant,$0.99
idgxoSeng1ISbmJTszkmcw,https://moxfield.com/decks/bh7iU0tnCU6UxUfsyUBAjg?utm_source=edhrec&utm_medium=deck_summary,,Needle Drop,Instant,$2.79
idgxoSeng1ISbmJTszkmcw,https://moxfield.com/decks/bh7iU0tnCU6UxUfsyUBAjg?utm_source=edhrec&utm_medium=deck_summary,,Seething Song,Instant,$8.99
idgxoSeng1ISbmJTszkmcw,https://moxfield.com/decks/bh7iU0tnCU6UxUfsyUBAjg?utm_source=edhrec&utm_medium=deck_summary,,Spikefield Hazard,Instant,$0.69
idgxoSeng1ISbmJTszkmcw,https://moxfield.com/decks/bh7iU0tnCU6UxUfsyUBAjg?utm_source=edhrec&utm_medium=deck_summary,,Thrill of Possibility,Instant,$0.35
idgxoSeng1ISbmJTszkmcw,https://moxfield.com/decks/bh7iU0tnCU6UxUfsyUBAjg?utm_source=edhrec&utm_medium=deck_summary,,Titan's Strength,Instant,$0.35
idgxoSeng1ISbmJTszkmcw,https://moxfield.com/decks/bh7iU0tnCU6UxUfsyUBAjg?utm_source=edhrec&utm_medium=deck_summary,,Unleash Fury,Instant,$0.59
idgxoSeng1ISbmJTszkmcw,https://moxfield.com/decks/bh7iU0tnCU6UxUfsyUBAjg?utm_source=edhrec&utm_medium=deck_summary,,Volcanic Fallout,Instant,$0.35
idgxoSeng1ISbmJTszkmcw,https://moxfield.com/decks/bh7iU0tnCU6UxUfsyUBAjg?utm_source=edhrec&utm_medium=deck_summary,,Earthquake,Sorcery,$0.99
idgxoSeng1ISbmJTszkmcw,https://moxfield.com/decks/bh7iU0tnCU6UxUfsyUBAjg?utm_source=edhrec&utm_medium=deck_summary,,End the Festivities,Sorcery,$0.69
idgxoSeng1ISbmJTszkmcw,https://moxfield.com/decks/bh7iU0tnCU6UxUfsyUBAjg?utm_source=edhrec&utm_medium=deck_summary,,Faithless Looting,Sorcery,$0.69
idgxoSeng1ISbmJTszkmcw,https://moxfield.com/decks/bh7iU0tnCU6UxUfsyUBAjg?utm_source=edhrec&utm_medium=deck_summary,,Fiery Confluence,Sorcery,$0.69
idgxoSeng1ISbmJTszkmcw,https://moxfield.com/decks/bh7iU0tnCU6UxUfsyUBAjg?utm_source=edhrec&utm_medium=deck_summary,,Forked Bolt,Sorcery,$0.35
idgxoSeng1ISbmJTszkmcw,https://moxfield.com/decks/bh7iU0tnCU6UxUfsyUBAjg?utm_source=edhrec&utm_medium=deck_summary,,Grapeshot,Sorcery,$0.35
idgxoSeng1ISbmJTszkmcw,https://moxfield.com/decks/bh7iU0tnCU6UxUfsyUBAjg?utm_source=edhrec&utm_medium=deck_summary,,Jeska's Will,Sorcery,$32.99
idgxoSeng1ISbmJTszkmcw,https://moxfield.com/decks/bh7iU0tnCU6UxUfsyUBAjg?utm_source=edhrec&utm_medium=deck_summary,,Rain of Embers,Sorcery,$0.35
idgxoSeng1ISbmJTszkmcw,https://moxfield.com/decks/bh7iU0tnCU6UxUfsyUBAjg?utm_source=edhrec&utm_medium=deck_summary,,Tectonic Hazard,Sorcery,$0.35
idgxoSeng1ISbmJTszkmcw,https://moxfield.com/decks/bh7iU0tnCU6UxUfsyUBAjg?utm_source=edhrec&utm_medium=deck_summary,,Volcanic Spray,Sorcery,$0.99
idgxoSeng1ISbmJTszkmcw,https://moxfield.com/decks/bh7iU0tnCU6UxUfsyUBAjg?utm_source=edhrec&utm_medium=deck_summary,,Wheel of Fortune,Sorcery,$379.99
idgxoSeng1ISbmJTszkmcw,https://moxfield.com/decks/bh7iU0tnCU6UxUfsyUBAjg?utm_source=edhrec&utm_medium=deck_summary,,Arcane Signet,Artifact,$0.79
idgxoSeng1ISbmJTszkmcw,https://moxfield.com/decks/bh7iU0tnCU6UxUfsyUBAjg?utm_source=edhrec&utm_medium=deck_summary,,Blackblade Reforged,Artifact,$2.99
idgxoSeng1ISbmJTszkmcw,https://moxfield.com/decks/bh7iU0tnCU6UxUfsyUBAjg?utm_source=edhrec&utm_medium=deck_summary,,Champion's Helm,Artifact,$1.79
idgxoSeng1ISbmJTszkmcw,https://moxfield.com/decks/bh7iU0tnCU6UxUfsyUBAjg?utm_source=edhrec&utm_medium=deck_summary,,Fellwar Stone,Artifact,$1.99
idgxoSeng1ISbmJTszkmcw,https://moxfield.com/decks/bh7iU0tnCU6UxUfsyUBAjg?utm_source=edhrec&utm_medium=deck_summary,,Ruby Medallion,Artifact,$11.99
idgxoSeng1ISbmJTszkmcw,https://moxfield.com/decks/bh7iU0tnCU6UxUfsyUBAjg?utm_source=edhrec&utm_medium=deck_summary,,Shadowspear,Artifact,$49.99
idgxoSeng1ISbmJTszkmcw,https://moxfield.com/decks/bh7iU0tnCU6UxUfsyUBAjg?utm_source=edhrec&utm_medium=deck_summary,,Sol Ring,Artifact,$1.79
idgxoSeng1ISbmJTszkmcw,https://moxfield.com/decks/bh7iU0tnCU6UxUfsyUBAjg?utm_source=edhrec&utm_medium=deck_summary,,Swiftfoot Boots,Artifact,$2.49
idgxoSeng1ISbmJTszkmcw,https://moxfield.com/decks/bh7iU0tnCU6UxUfsyUBAjg?utm_source=edhrec&utm_medium=deck_summary,,Blood Moon,Enchantment,$8.99
idgxoSeng1ISbmJTszkmcw,https://moxfield.com/decks/bh7iU0tnCU6UxUfsyUBAjg?utm_source=edhrec&utm_medium=deck_summary,,Burning Earth,Enchantment,$3.49
idgxoSeng1ISbmJTszkmcw,https://moxfield.com/decks/bh7iU0tnCU6UxUfsyUBAjg?utm_source=edhrec&utm_medium=deck_summary,,Claws of Valakut,Enchantment,$0.35
idgxoSeng1ISbmJTszkmcw,https://moxfield.com/decks/bh7iU0tnCU6UxUfsyUBAjg?utm_source=edhrec&utm_medium=deck_summary,,Descent into Avernus,Enchantment,$15.99
idgxoSeng1ISbmJTszkmcw,https://moxfield.com/decks/bh7iU0tnCU6UxUfsyUBAjg?utm_source=edhrec&utm_medium=deck_summary,,Fiery Inscription,Enchantment,$0.99
idgxoSeng1ISbmJTszkmcw,https://moxfield.com/decks/bh7iU0tnCU6UxUfsyUBAjg?utm_source=edhrec&utm_medium=deck_summary,,Manabarbs,Enchantment,$4.99
idgxoSeng1ISbmJTszkmcw,https://moxfield.com/decks/bh7iU0tnCU6UxUfsyUBAjg?utm_source=edhrec&utm_medium=deck_summary,,Pyrohemia,Enchantment,$13.99
idgxoSeng1ISbmJTszkmcw,https://moxfield.com/decks/bh7iU0tnCU6UxUfsyUBAjg?utm_source=edhrec&utm_medium=deck_summary,,Roiling Vortex,Enchantment,$1.79
idgxoSeng1ISbmJTszkmcw,https://moxfield.com/decks/bh7iU0tnCU6UxUfsyUBAjg?utm_source=edhrec&utm_medium=deck_summary,,Sulfuric Vortex,Enchantment,$1.49
idgxoSeng1ISbmJTszkmcw,https://moxfield.com/decks/bh7iU0tnCU6UxUfsyUBAjg?utm_source=edhrec&utm_medium=deck_summary,,"Chandra, Torch of Defiance",Planeswalker,$3.99
idgxoSeng1ISbmJTszkmcw,https://moxfield.com/decks/bh7iU0tnCU6UxUfsyUBAjg?utm_source=edhrec&utm_medium=deck_summary,,Hidden Volcano,Land,$0.35
idgxoSeng1ISbmJTszkmcw,https://moxfield.com/decks/bh7iU0tnCU6UxUfsyUBAjg?utm_source=edhrec&utm_medium=deck_summary,,Mountain,Land,$0.35
idgxoSeng1ISbmJTszkmcw,https://moxfield.com/decks/bh7iU0tnCU6UxUfsyUBAjg?utm_source=edhrec&utm_medium=deck_summary,,"Nykthos, Shrine to Nyx",Land,$59.99
idgxoSeng1ISbmJTszkmcw,https://moxfield.com/decks/bh7iU0tnCU6UxUfsyUBAjg?utm_source=edhrec&utm_medium=deck_summary,,Shivan Gorge,Land,$0.59
idgxoSeng1ISbmJTszkmcw,https://moxfield.com/decks/bh7iU0tnCU6UxUfsyUBAjg?utm_source=edhrec&utm_medium=deck_summary,,Tyrite Sanctum,Land,$2.99
idgxoSeng1ISbmJTszkmcw,https://moxfield.com/decks/bh7iU0tnCU6UxUfsyUBAjg?utm_source=edhrec&utm_medium=deck_summary,,"Valakut, the Molten Pinnacle",Land,$24.99
S4Ag-pi8MY1BO2-Rm72XxQ,https://moxfield.com/decks/RKyMADSIuU2e7bWmF9ZrrA?utm_source=edhrec&utm_medium=deck_summary,,Barbflare Gremlin,,$0.49
S4Ag-pi8MY1BO2-Rm72XxQ,https://moxfield.com/decks/RKyMADSIuU2e7bWmF9ZrrA?utm_source=edhrec&utm_medium=deck_summary,,Chandra's Incinerator,,$3.49
S4Ag-pi8MY1BO2-Rm72XxQ,https://moxfield.com/decks/RKyMADSIuU2e7bWmF9ZrrA?utm_source=edhrec&utm_medium=deck_summary,,Coruscation Mage,,$2.29
S4Ag-pi8MY1BO2-Rm72XxQ,https://moxfield.com/decks/RKyMADSIuU2e7bWmF9ZrrA?utm_source=edhrec&utm_medium=deck_summary,,Dragon's Rage Channeler,,$1.29
S4Ag-pi8MY1BO2-Rm72XxQ,https://moxfield.com/decks/RKyMADSIuU2e7bWmF9ZrrA?utm_source=edhrec&utm_medium=deck_summary,,Eidolon of the Great Revel,,$2.79
S4Ag-pi8MY1BO2-Rm72XxQ,https://moxfield.com/decks/RKyMADSIuU2e7bWmF9ZrrA?utm_source=edhrec&utm_medium=deck_summary,,Firebrand Archer,,$0.35
S4Ag-pi8MY1BO2-Rm72XxQ,https://moxfield.com/decks/RKyMADSIuU2e7bWmF9ZrrA?utm_source=edhrec&utm_medium=deck_summary,,Firespitter Whelp,,$0.35
S4Ag-pi8MY1BO2-Rm72XxQ,https://moxfield.com/decks/RKyMADSIuU2e7bWmF9ZrrA?utm_source=edhrec&utm_medium=deck_summary,,Gleeful Arsonist,,$5.99
S4Ag-pi8MY1BO2-Rm72XxQ,https://moxfield.com/decks/RKyMADSIuU2e7bWmF9ZrrA?utm_source=edhrec&utm_medium=deck_summary,,Glint-Horn Buccaneer,,$7.99
S4Ag-pi8MY1BO2-Rm72XxQ,https://moxfield.com/decks/RKyMADSIuU2e7bWmF9ZrrA?utm_source=edhrec&utm_medium=deck_summary,,"Inti, Seneschal of the Sun",,$2.99
S4Ag-pi8MY1BO2-Rm72XxQ,https://moxfield.com/decks/RKyMADSIuU2e7bWmF9ZrrA?utm_source=edhrec&utm_medium=deck_summary,,Kessig Flamebreather,,$3.49
S4Ag-pi8MY1BO2-Rm72XxQ,https://moxfield.com/decks/RKyMADSIuU2e7bWmF9ZrrA?utm_source=edhrec&utm_medium=deck_summary,,Magebane Lizard,,$1.99
S4Ag-pi8MY1BO2-Rm72XxQ,https://moxfield.com/decks/RKyMADSIuU2e7bWmF9ZrrA?utm_source=edhrec&utm_medium=deck_summary,,Magmakin Artillerist,,$0.49
S4Ag-pi8MY1BO2-Rm72XxQ,https://moxfield.com/decks/RKyMADSIuU2e7bWmF9ZrrA?utm_source=edhrec&utm_medium=deck_summary,,Magus of the Moon,,$6.49
S4Ag-pi8MY1BO2-Rm72XxQ,https://moxfield.com/decks/RKyMADSIuU2e7bWmF9ZrrA?utm_source=edhrec&utm_medium=deck_summary,,Pinnacle Monk,,$3.49
S4Ag-pi8MY1BO2-Rm72XxQ,https://moxfield.com/decks/RKyMADSIuU2e7bWmF9ZrrA?utm_source=edhrec&utm_medium=deck_summary,,Rampaging Ferocidon,,$0.99
S4Ag-pi8MY1BO2-Rm72XxQ,https://moxfield.com/decks/RKyMADSIuU2e7bWmF9ZrrA?utm_source=edhrec&utm_medium=deck_summary,,Razorkin Needlehead,,$9.49
S4Ag-pi8MY1BO2-Rm72XxQ,https://moxfield.com/decks/RKyMADSIuU2e7bWmF9ZrrA?utm_source=edhrec&utm_medium=deck_summary,,Sunshot Militia,,$0.35
S4Ag-pi8MY1BO2-Rm72XxQ,https://moxfield.com/decks/RKyMADSIuU2e7bWmF9ZrrA?utm_source=edhrec&utm_medium=deck_summary,,Bolt Bend,,$6.49
S4Ag-pi8MY1BO2-Rm72XxQ,https://moxfield.com/decks/RKyMADSIuU2e7bWmF9ZrrA?utm_source=edhrec&utm_medium=deck_summary,,Deflecting Swat,,$59.99
S4Ag-pi8MY1BO2-Rm72XxQ,https://moxfield.com/decks/RKyMADSIuU2e7bWmF9ZrrA?utm_source=edhrec&utm_medium=deck_summary,,Demand Answers,,$0.69
S4Ag-pi8MY1BO2-Rm72XxQ,https://moxfield.com/decks/RKyMADSIuU2e7bWmF9ZrrA?utm_source=edhrec&utm_medium=deck_summary,,Pyroblast,,$8.99
S4Ag-pi8MY1BO2-Rm72XxQ,https://moxfield.com/decks/RKyMADSIuU2e7bWmF9ZrrA?utm_source=edhrec&utm_medium=deck_summary,,Sazacap's Brew,,$0.35
S4Ag-pi8MY1BO2-Rm72XxQ,https://moxfield.com/decks/RKyMADSIuU2e7bWmF9ZrrA?utm_source=edhrec&utm_medium=deck_summary,,Spikefield Hazard,,$0.69
S4Ag-pi8MY1BO2-Rm72XxQ,https://moxfield.com/decks/RKyMADSIuU2e7bWmF9ZrrA?utm_source=edhrec&utm_medium=deck_summary,,Tibalt's Trickery,,$13.99
S4Ag-pi8MY1BO2-Rm72XxQ,https://moxfield.com/decks/RKyMADSIuU2e7bWmF9ZrrA?utm_source=edhrec&utm_medium=deck_summary,,Untimely Malfunction,,$7.49
S4Ag-pi8MY1BO2-Rm72XxQ,https://moxfield.com/decks/RKyMADSIuU2e7bWmF9ZrrA?utm_source=edhrec&utm_medium=deck_summary,,Valakut Awakening,,$17.99
S4Ag-pi8MY1BO2-Rm72XxQ,https://moxfield.com/decks/RKyMADSIuU2e7bWmF9ZrrA?utm_source=edhrec&utm_medium=deck_summary,,Wyll's Reversal,,$2.99
S4Ag-pi8MY1BO2-Rm72XxQ,https://moxfield.com/decks/RKyMADSIuU2e7bWmF9ZrrA?utm_source=edhrec&utm_medium=deck_summary,,Zoyowa's Justice,,$0.35
S4Ag-pi8MY1BO2-Rm72XxQ,https://moxfield.com/decks/RKyMADSIuU2e7bWmF9ZrrA?utm_source=edhrec&utm_medium=deck_summary,,Burning Inquiry,,$4.99
S4Ag-pi8MY1BO2-Rm72XxQ,https://moxfield.com/decks/RKyMADSIuU2e7bWmF9ZrrA?utm_source=edhrec&utm_medium=deck_summary,,Cathartic Reunion,,$0.35
S4Ag-pi8MY1BO2-Rm72XxQ,https://moxfield.com/decks/RKyMADSIuU2e7bWmF9ZrrA?utm_source=edhrec&utm_medium=deck_summary,,Faithless Looting,,$0.69
S4Ag-pi8MY1BO2-Rm72XxQ,https://moxfield.com/decks/RKyMADSIuU2e7bWmF9ZrrA?utm_source=edhrec&utm_medium=deck_summary,,Gamble,,$13.99
S4Ag-pi8MY1BO2-Rm72XxQ,https://moxfield.com/decks/RKyMADSIuU2e7bWmF9ZrrA?utm_source=edhrec&utm_medium=deck_summary,,Grab the Prize,,$0.99
S4Ag-pi8MY1BO2-Rm72XxQ,https://moxfield.com/decks/RKyMADSIuU2e7bWmF9ZrrA?utm_source=edhrec&utm_medium=deck_summary,,Mana Clash,,$1.29
S4Ag-pi8MY1BO2-Rm72XxQ,https://moxfield.com/decks/RKyMADSIuU2e7bWmF9ZrrA?utm_source=edhrec&utm_medium=deck_summary,,Reckless Handling,,$0.49
S4Ag-pi8MY1BO2-Rm72XxQ,https://moxfield.com/decks/RKyMADSIuU2e7bWmF9ZrrA?utm_source=edhrec&utm_medium=deck_summary,,Sundering Eruption,,$2.79
S4Ag-pi8MY1BO2-Rm72XxQ,https://moxfield.com/decks/RKyMADSIuU2e7bWmF9ZrrA?utm_source=edhrec&utm_medium=deck_summary,,Vandalblast,,$2.79
S4Ag-pi8MY1BO2-Rm72XxQ,https://moxfield.com/decks/RKyMADSIuU2e7bWmF9ZrrA?utm_source=edhrec&utm_medium=deck_summary,,Wheel of Fortune,,$379.99
S4Ag-pi8MY1BO2-Rm72XxQ,https://moxfield.com/decks/RKyMADSIuU2e7bWmF9ZrrA?utm_source=edhrec&utm_medium=deck_summary,,Wheel of Misfortune,,$6.99
S4Ag-pi8MY1BO2-Rm72XxQ,https://moxfield.com/decks/RKyMADSIuU2e7bWmF9ZrrA?utm_source=edhrec&utm_medium=deck_summary,,Winds of Change,,$5.99
S4Ag-pi8MY1BO2-Rm72XxQ,https://moxfield.com/decks/RKyMADSIuU2e7bWmF9ZrrA?utm_source=edhrec&utm_medium=deck_summary,,Arcane Signet,,$0.79
S4Ag-pi8MY1BO2-Rm72XxQ,https://moxfield.com/decks/RKyMADSIuU2e7bWmF9ZrrA?utm_source=edhrec&utm_medium=deck_summary,,Cursed Totem,,$0.99
S4Ag-pi8MY1BO2-Rm72XxQ,https://moxfield.com/decks/RKyMADSIuU2e7bWmF9ZrrA?utm_source=edhrec&utm_medium=deck_summary,,Grafdigger's Cage,,$3.49
S4Ag-pi8MY1BO2-Rm72XxQ,https://moxfield.com/decks/RKyMADSIuU2e7bWmF9ZrrA?utm_source=edhrec&utm_medium=deck_summary,,Hammer of Nazahn,,$18.99
S4Ag-pi8MY1BO2-Rm72XxQ,https://moxfield.com/decks/RKyMADSIuU2e7bWmF9ZrrA?utm_source=edhrec&utm_medium=deck_summary,,Lightning Greaves,,$6.49
S4Ag-pi8MY1BO2-Rm72XxQ,https://moxfield.com/decks/RKyMADSIuU2e7bWmF9ZrrA?utm_source=edhrec&utm_medium=deck_summary,,Liquimetal Torque,,$2.79
S4Ag-pi8MY1BO2-Rm72XxQ,https://moxfield.com/decks/RKyMADSIuU2e7bWmF9ZrrA?utm_source=edhrec&utm_medium=deck_summary,,Mithril Coat,,$24.99
S4Ag-pi8MY1BO2-Rm72XxQ,https://moxfield.com/decks/RKyMADSIuU2e7bWmF9ZrrA?utm_source=edhrec&utm_medium=deck_summary,,Monument to Endurance,,$9.99
S4Ag-pi8MY1BO2-Rm72XxQ,https://moxfield.com/decks/RKyMADSIuU2e7bWmF9ZrrA?utm_source=edhrec&utm_medium=deck_summary,,Ruby Medallion,,$11.99
S4Ag-pi8MY1BO2-Rm72XxQ,https://moxfield.com/decks/RKyMADSIuU2e7bWmF9ZrrA?utm_source=edhrec&utm_medium=deck_summary,,Sol Ring,,$1.79
S4Ag-pi8MY1BO2-Rm72XxQ,https://moxfield.com/decks/RKyMADSIuU2e7bWmF9ZrrA?utm_source=edhrec&utm_medium=deck_summary,,The One Ring,,$94.99
S4Ag-pi8MY1BO2-Rm72XxQ,https://moxfield.com/decks/RKyMADSIuU2e7bWmF9ZrrA?utm_source=edhrec&utm_medium=deck_summary,,Vexing Bauble,,$1.99
S4Ag-pi8MY1BO2-Rm72XxQ,https://moxfield.com/decks/RKyMADSIuU2e7bWmF9ZrrA?utm_source=edhrec&utm_medium=deck_summary,,Winter Moon,,$1.29
S4Ag-pi8MY1BO2-Rm72XxQ,https://moxfield.com/decks/RKyMADSIuU2e7bWmF9ZrrA?utm_source=edhrec&utm_medium=deck_summary,,Artist's Talent,,$8.49
S4Ag-pi8MY1BO2-Rm72XxQ,https://moxfield.com/decks/RKyMADSIuU2e7bWmF9ZrrA?utm_source=edhrec&utm_medium=deck_summary,,Blood Moon,,$8.99
S4Ag-pi8MY1BO2-Rm72XxQ,https://moxfield.com/decks/RKyMADSIuU2e7bWmF9ZrrA?utm_source=edhrec&utm_medium=deck_summary,,Burning Earth,,$3.49
S4Ag-pi8MY1BO2-Rm72XxQ,https://moxfield.com/decks/RKyMADSIuU2e7bWmF9ZrrA?utm_source=edhrec&utm_medium=deck_summary,,Claws of Valakut,,$0.35
S4Ag-pi8MY1BO2-Rm72XxQ,https://moxfield.com/decks/RKyMADSIuU2e7bWmF9ZrrA?utm_source=edhrec&utm_medium=deck_summary,,Count on Luck,,$0.49
S4Ag-pi8MY1BO2-Rm72XxQ,https://moxfield.com/decks/RKyMADSIuU2e7bWmF9ZrrA?utm_source=edhrec&utm_medium=deck_summary,,Manabarbs,,$4.99
S4Ag-pi8MY1BO2-Rm72XxQ,https://moxfield.com/decks/RKyMADSIuU2e7bWmF9ZrrA?utm_source=edhrec&utm_medium=deck_summary,,Price of Glory,,$8.49
S4Ag-pi8MY1BO2-Rm72XxQ,https://moxfield.com/decks/RKyMADSIuU2e7bWmF9ZrrA?utm_source=edhrec&utm_medium=deck_summary,,Pyrostatic Pillar,,$0.99
S4Ag-pi8MY1BO2-Rm72XxQ,https://moxfield.com/decks/RKyMADSIuU2e7bWmF9ZrrA?utm_source=edhrec&utm_medium=deck_summary,,Roiling Vortex,,$1.79
S4Ag-pi8MY1BO2-Rm72XxQ,https://moxfield.com/decks/RKyMADSIuU2e7bWmF9ZrrA?utm_source=edhrec&utm_medium=deck_summary,,Share the Spoils,,$3.99
S4Ag-pi8MY1BO2-Rm72XxQ,https://moxfield.com/decks/RKyMADSIuU2e7bWmF9ZrrA?utm_source=edhrec&utm_medium=deck_summary,,Spellshock,,$2.79
S4Ag-pi8MY1BO2-Rm72XxQ,https://moxfield.com/decks/RKyMADSIuU2e7bWmF9ZrrA?utm_source=edhrec&utm_medium=deck_summary,,Sulfuric Vortex,,$1.49
S4Ag-pi8MY1BO2-Rm72XxQ,https://moxfield.com/decks/RKyMADSIuU2e7bWmF9ZrrA?utm_source=edhrec&utm_medium=deck_summary,,Underworld Breach,,$13.99
S4Ag-pi8MY1BO2-Rm72XxQ,https://moxfield.com/decks/RKyMADSIuU2e7bWmF9ZrrA?utm_source=edhrec&utm_medium=deck_summary,,Command Beacon,,$8.99
S4Ag-pi8MY1BO2-Rm72XxQ,https://moxfield.com/decks/RKyMADSIuU2e7bWmF9ZrrA?utm_source=edhrec&utm_medium=deck_summary,,Mountain,,$0.35
S4Ag-pi8MY1BO2-Rm72XxQ,https://moxfield.com/decks/RKyMADSIuU2e7bWmF9ZrrA?utm_source=edhrec&utm_medium=deck_summary,,Tyrite Sanctum,,$2.99
S4Ag-pi8MY1BO2-Rm72XxQ,https://moxfield.com/decks/RKyMADSIuU2e7bWmF9ZrrA?utm_source=edhrec&utm_medium=deck_summary,,War Room,,$4.99
-nOf1VjNyq-_DBATkXZKjQ,https://moxfield.com/decks/l0n7FMSCWUKNw7EMjbl39Q?utm_source=edhrec&utm_medium=deck_summary,,"Ashling, Flame Dancer",,$4.49
-nOf1VjNyq-_DBATkXZKjQ,https://moxfield.com/decks/l0n7FMSCWUKNw7EMjbl39Q?utm_source=edhrec&utm_medium=deck_summary,,"Birgi, God of Storytelling",,$29.99
-nOf1VjNyq-_DBATkXZKjQ,https://moxfield.com/decks/l0n7FMSCWUKNw7EMjbl39Q?utm_source=edhrec&utm_medium=deck_summary,,"Electro, Assaulting Battery",,$5.49
-nOf1VjNyq-_DBATkXZKjQ,https://moxfield.com/decks/l0n7FMSCWUKNw7EMjbl39Q?utm_source=edhrec&utm_medium=deck_summary,,Electrostatic Field,,$2.29
-nOf1VjNyq-_DBATkXZKjQ,https://moxfield.com/decks/l0n7FMSCWUKNw7EMjbl39Q?utm_source=edhrec&utm_medium=deck_summary,,Erebor Flamesmith,,$0.79
-nOf1VjNyq-_DBATkXZKjQ,https://moxfield.com/decks/l0n7FMSCWUKNw7EMjbl39Q?utm_source=edhrec&utm_medium=deck_summary,,Firebrand Archer,,$0.35
-nOf1VjNyq-_DBATkXZKjQ,https://moxfield.com/decks/l0n7FMSCWUKNw7EMjbl39Q?utm_source=edhrec&utm_medium=deck_summary,,Galvanoth,,$0.49
-nOf1VjNyq-_DBATkXZKjQ,https://moxfield.com/decks/l0n7FMSCWUKNw7EMjbl39Q?utm_source=edhrec&utm_medium=deck_summary,,Harsh Mentor,,$0.49
-nOf1VjNyq-_DBATkXZKjQ,https://moxfield.com/decks/l0n7FMSCWUKNw7EMjbl39Q?utm_source=edhrec&utm_medium=deck_summary,,Kessig Flamebreather,,$3.49
-nOf1VjNyq-_DBATkXZKjQ,https://moxfield.com/decks/l0n7FMSCWUKNw7EMjbl39Q?utm_source=edhrec&utm_medium=deck_summary,,Magebane Lizard,,$1.99
-nOf1VjNyq-_DBATkXZKjQ,https://moxfield.com/decks/l0n7FMSCWUKNw7EMjbl39Q?utm_source=edhrec&utm_medium=deck_summary,,Magus of the Wheel,,$1.79
-nOf1VjNyq-_DBATkXZKjQ,https://moxfield.com/decks/l0n7FMSCWUKNw7EMjbl39Q?utm_source=edhrec&utm_medium=deck_summary,,Pinnacle Monk,,$3.49
-nOf1VjNyq-_DBATkXZKjQ,https://moxfield.com/decks/l0n7FMSCWUKNw7EMjbl39Q?utm_source=edhrec&utm_medium=deck_summary,,Rampaging Ferocidon,,$0.99
-nOf1VjNyq-_DBATkXZKjQ,https://moxfield.com/decks/l0n7FMSCWUKNw7EMjbl39Q?utm_source=edhrec&utm_medium=deck_summary,,Razorkin Needlehead,,$9.49
-nOf1VjNyq-_DBATkXZKjQ,https://moxfield.com/decks/l0n7FMSCWUKNw7EMjbl39Q?utm_source=edhrec&utm_medium=deck_summary,,Simian Spirit Guide,,$2.49
-nOf1VjNyq-_DBATkXZKjQ,https://moxfield.com/decks/l0n7FMSCWUKNw7EMjbl39Q?utm_source=edhrec&utm_medium=deck_summary,,"Solphim, Mayhem Dominus",,$24.99
-nOf1VjNyq-_DBATkXZKjQ,https://moxfield.com/decks/l0n7FMSCWUKNw7EMjbl39Q?utm_source=edhrec&utm_medium=deck_summary,,Spider-Punk,,$5.49
-nOf1VjNyq-_DBATkXZKjQ,https://moxfield.com/decks/l0n7FMSCWUKNw7EMjbl39Q?utm_source=edhrec&utm_medium=deck_summary,,Storm-Kiln Artist,,$1.99
-nOf1VjNyq-_DBATkXZKjQ,https://moxfield.com/decks/l0n7FMSCWUKNw7EMjbl39Q?utm_source=edhrec&utm_medium=deck_summary,,Urabrask,,$19.99
-nOf1VjNyq-_DBATkXZKjQ,https://moxfield.com/decks/l0n7FMSCWUKNw7EMjbl39Q?utm_source=edhrec&utm_medium=deck_summary,,Voldaren Epicure,,$0.35
-nOf1VjNyq-_DBATkXZKjQ,https://moxfield.com/decks/l0n7FMSCWUKNw7EMjbl39Q?utm_source=edhrec&utm_medium=deck_summary,,Weftstalker Ardent,,$1.49
-nOf1VjNyq-_DBATkXZKjQ,https://moxfield.com/decks/l0n7FMSCWUKNw7EMjbl39Q?utm_source=edhrec&utm_medium=deck_summary,,Zo-Zu the Punisher,,$16.99
-nOf1VjNyq-_DBATkXZKjQ,https://moxfield.com/decks/l0n7FMSCWUKNw7EMjbl39Q?utm_source=edhrec&utm_medium=deck_summary,,Bolt Bend,,$6.49
-nOf1VjNyq-_DBATkXZKjQ,https://moxfield.com/decks/l0n7FMSCWUKNw7EMjbl39Q?utm_source=edhrec&utm_medium=deck_summary,,Bulk Up,,$0.99
-nOf1VjNyq-_DBATkXZKjQ,https://moxfield.com/decks/l0n7FMSCWUKNw7EMjbl39Q?utm_source=edhrec&utm_medium=deck_summary,,Deflecting Swat,,$59.99
-nOf1VjNyq-_DBATkXZKjQ,https://moxfield.com/decks/l0n7FMSCWUKNw7EMjbl39Q?utm_source=edhrec&utm_medium=deck_summary,,Desperate Ritual,,$3.49
-nOf1VjNyq-_DBATkXZKjQ,https://moxfield.com/decks/l0n7FMSCWUKNw7EMjbl39Q?utm_source=edhrec&utm_medium=deck_summary,,Flick a Coin,,$0.35
-nOf1VjNyq-_DBATkXZKjQ,https://moxfield.com/decks/l0n7FMSCWUKNw7EMjbl39Q?utm_source=edhrec&utm_medium=deck_summary,,Gut Shot,,$5.49
-nOf1VjNyq-_DBATkXZKjQ,https://moxfield.com/decks/l0n7FMSCWUKNw7EMjbl39Q?utm_source=edhrec&utm_medium=deck_summary,,Lightning Bolt,,$1.79
-nOf1VjNyq-_DBATkXZKjQ,https://moxfield.com/decks/l0n7FMSCWUKNw7EMjbl39Q?utm_source=edhrec&utm_medium=deck_summary,,Price of Progress,,$6.49
-nOf1VjNyq-_DBATkXZKjQ,https://moxfield.com/decks/l0n7FMSCWUKNw7EMjbl39Q?utm_source=edhrec&utm_medium=deck_summary,,Pyretic Ritual,,$8.49
-nOf1VjNyq-_DBATkXZKjQ,https://moxfield.com/decks/l0n7FMSCWUKNw7EMjbl39Q?utm_source=edhrec&utm_medium=deck_summary,,Reverberate,,$2.99
-nOf1VjNyq-_DBATkXZKjQ,https://moxfield.com/decks/l0n7FMSCWUKNw7EMjbl39Q?utm_source=edhrec&utm_medium=deck_summary,,Seething Song,,$8.99
-nOf1VjNyq-_DBATkXZKjQ,https://moxfield.com/decks/l0n7FMSCWUKNw7EMjbl39Q?utm_source=edhrec&utm_medium=deck_summary,,Shock,,$0.35
-nOf1VjNyq-_DBATkXZKjQ,https://moxfield.com/decks/l0n7FMSCWUKNw7EMjbl39Q?utm_source=edhrec&utm_medium=deck_summary,,Spikefield Hazard,,$0.69
-nOf1VjNyq-_DBATkXZKjQ,https://moxfield.com/decks/l0n7FMSCWUKNw7EMjbl39Q?utm_source=edhrec&utm_medium=deck_summary,,Tibalt's Trickery,,$13.99
-nOf1VjNyq-_DBATkXZKjQ,https://moxfield.com/decks/l0n7FMSCWUKNw7EMjbl39Q?utm_source=edhrec&utm_medium=deck_summary,,Untimely Malfunction,,$7.49
-nOf1VjNyq-_DBATkXZKjQ,https://moxfield.com/decks/l0n7FMSCWUKNw7EMjbl39Q?utm_source=edhrec&utm_medium=deck_summary,,Valakut Awakening,,$17.99
-nOf1VjNyq-_DBATkXZKjQ,https://moxfield.com/decks/l0n7FMSCWUKNw7EMjbl39Q?utm_source=edhrec&utm_medium=deck_summary,,Volcanic Fallout,,$0.35
-nOf1VjNyq-_DBATkXZKjQ,https://moxfield.com/decks/l0n7FMSCWUKNw7EMjbl39Q?utm_source=edhrec&utm_medium=deck_summary,,Boltwave,,$4.99
-nOf1VjNyq-_DBATkXZKjQ,https://moxfield.com/decks/l0n7FMSCWUKNw7EMjbl39Q?utm_source=edhrec&utm_medium=deck_summary,,Disrupt Decorum,,$1.99
-nOf1VjNyq-_DBATkXZKjQ,https://moxfield.com/decks/l0n7FMSCWUKNw7EMjbl39Q?utm_source=edhrec&utm_medium=deck_summary,,End the Festivities,,$0.69
-nOf1VjNyq-_DBATkXZKjQ,https://moxfield.com/decks/l0n7FMSCWUKNw7EMjbl39Q?utm_source=edhrec&utm_medium=deck_summary,,Faithless Looting,,$0.69
-nOf1VjNyq-_DBATkXZKjQ,https://moxfield.com/decks/l0n7FMSCWUKNw7EMjbl39Q?utm_source=edhrec&utm_medium=deck_summary,,Fiery Confluence,,$0.69
-nOf1VjNyq-_DBATkXZKjQ,https://moxfield.com/decks/l0n7FMSCWUKNw7EMjbl39Q?utm_source=edhrec&utm_medium=deck_summary,,Gamble,,$13.99
-nOf1VjNyq-_DBATkXZKjQ,https://moxfield.com/decks/l0n7FMSCWUKNw7EMjbl39Q?utm_source=edhrec&utm_medium=deck_summary,,Grab the Prize,,$0.99
-nOf1VjNyq-_DBATkXZKjQ,https://moxfield.com/decks/l0n7FMSCWUKNw7EMjbl39Q?utm_source=edhrec&utm_medium=deck_summary,,Grapeshot,,$0.35
-nOf1VjNyq-_DBATkXZKjQ,https://moxfield.com/decks/l0n7FMSCWUKNw7EMjbl39Q?utm_source=edhrec&utm_medium=deck_summary,,Heroes' Hangout,,$0.35
-nOf1VjNyq-_DBATkXZKjQ,https://moxfield.com/decks/l0n7FMSCWUKNw7EMjbl39Q?utm_source=edhrec&utm_medium=deck_summary,,Jeska's Will,,$32.99
-nOf1VjNyq-_DBATkXZKjQ,https://moxfield.com/decks/l0n7FMSCWUKNw7EMjbl39Q?utm_source=edhrec&utm_medium=deck_summary,,Mana Geyser,,$3.49
-nOf1VjNyq-_DBATkXZKjQ,https://moxfield.com/decks/l0n7FMSCWUKNw7EMjbl39Q?utm_source=edhrec&utm_medium=deck_summary,,Mizzix's Mastery,,$2.99
-nOf1VjNyq-_DBATkXZKjQ,https://moxfield.com/decks/l0n7FMSCWUKNw7EMjbl39Q?utm_source=edhrec&utm_medium=deck_summary,,Overmaster,,$2.29
-nOf1VjNyq-_DBATkXZKjQ,https://moxfield.com/decks/l0n7FMSCWUKNw7EMjbl39Q?utm_source=edhrec&utm_medium=deck_summary,,Past in Flames,,$1.79
-nOf1VjNyq-_DBATkXZKjQ,https://moxfield.com/decks/l0n7FMSCWUKNw7EMjbl39Q?utm_source=edhrec&utm_medium=deck_summary,,Playful Shove,,$0.35
-nOf1VjNyq-_DBATkXZKjQ,https://moxfield.com/decks/l0n7FMSCWUKNw7EMjbl39Q?utm_source=edhrec&utm_medium=deck_summary,,Ruination,,$1.99
-nOf1VjNyq-_DBATkXZKjQ,https://moxfield.com/decks/l0n7FMSCWUKNw7EMjbl39Q?utm_source=edhrec&utm_medium=deck_summary,,Tectonic Hazard,,$0.35
-nOf1VjNyq-_DBATkXZKjQ,https://moxfield.com/decks/l0n7FMSCWUKNw7EMjbl39Q?utm_source=edhrec&utm_medium=deck_summary,,Wheel of Misfortune,,$6.99
-nOf1VjNyq-_DBATkXZKjQ,https://moxfield.com/decks/l0n7FMSCWUKNw7EMjbl39Q?utm_source=edhrec&utm_medium=deck_summary,,Wrenn's Resolve,,$2.29
-nOf1VjNyq-_DBATkXZKjQ,https://moxfield.com/decks/l0n7FMSCWUKNw7EMjbl39Q?utm_source=edhrec&utm_medium=deck_summary,,Arcane Signet,,$0.79
-nOf1VjNyq-_DBATkXZKjQ,https://moxfield.com/decks/l0n7FMSCWUKNw7EMjbl39Q?utm_source=edhrec&utm_medium=deck_summary,,Blackblade Reforged,,$2.99
-nOf1VjNyq-_DBATkXZKjQ,https://moxfield.com/decks/l0n7FMSCWUKNw7EMjbl39Q?utm_source=edhrec&utm_medium=deck_summary,,Champion's Helm,,$1.79
-nOf1VjNyq-_DBATkXZKjQ,https://moxfield.com/decks/l0n7FMSCWUKNw7EMjbl39Q?utm_source=edhrec&utm_medium=deck_summary,,Extraplanar Lens,,$11.99
-nOf1VjNyq-_DBATkXZKjQ,https://moxfield.com/decks/l0n7FMSCWUKNw7EMjbl39Q?utm_source=edhrec&utm_medium=deck_summary,,Ruby Medallion,,$11.99
-nOf1VjNyq-_DBATkXZKjQ,https://moxfield.com/decks/l0n7FMSCWUKNw7EMjbl39Q?utm_source=edhrec&utm_medium=deck_summary,,Sol Ring,,$1.79
-nOf1VjNyq-_DBATkXZKjQ,https://moxfield.com/decks/l0n7FMSCWUKNw7EMjbl39Q?utm_source=edhrec&utm_medium=deck_summary,,Artist's Talent,,$8.49
-nOf1VjNyq-_DBATkXZKjQ,https://moxfield.com/decks/l0n7FMSCWUKNw7EMjbl39Q?utm_source=edhrec&utm_medium=deck_summary,,Fiery Inscription,,$0.99
-nOf1VjNyq-_DBATkXZKjQ,https://moxfield.com/decks/l0n7FMSCWUKNw7EMjbl39Q?utm_source=edhrec&utm_medium=deck_summary,,Manabarbs,,$4.99
-nOf1VjNyq-_DBATkXZKjQ,https://moxfield.com/decks/l0n7FMSCWUKNw7EMjbl39Q?utm_source=edhrec&utm_medium=deck_summary,,Pyrohemia,,$13.99
-nOf1VjNyq-_DBATkXZKjQ,https://moxfield.com/decks/l0n7FMSCWUKNw7EMjbl39Q?utm_source=edhrec&utm_medium=deck_summary,,Roiling Vortex,,$1.79
-nOf1VjNyq-_DBATkXZKjQ,https://moxfield.com/decks/l0n7FMSCWUKNw7EMjbl39Q?utm_source=edhrec&utm_medium=deck_summary,,Spellshock,,$2.79
-nOf1VjNyq-_DBATkXZKjQ,https://moxfield.com/decks/l0n7FMSCWUKNw7EMjbl39Q?utm_source=edhrec&utm_medium=deck_summary,,"Chandra, Torch of Defiance",,$3.99
-nOf1VjNyq-_DBATkXZKjQ,https://moxfield.com/decks/l0n7FMSCWUKNw7EMjbl39Q?utm_source=edhrec&utm_medium=deck_summary,,Mountain,,$0.35
-nOf1VjNyq-_DBATkXZKjQ,https://moxfield.com/decks/l0n7FMSCWUKNw7EMjbl39Q?utm_source=edhrec&utm_medium=deck_summary,,"Valakut, the Molten Pinnacle",,$24.99
DRpCSkSD-Tc4yO6BXA_b6g,https://moxfield.com/decks/8wJlvub03EOtkj-ZQ7YezQ?utm_source=edhrec&utm_medium=deck_summary,,Dragonmaster Outcast,,$0.99
DRpCSkSD-Tc4yO6BXA_b6g,https://moxfield.com/decks/8wJlvub03EOtkj-ZQ7YezQ?utm_source=edhrec&utm_medium=deck_summary,,Fire Servant,,$0.59
DRpCSkSD-Tc4yO6BXA_b6g,https://moxfield.com/decks/8wJlvub03EOtkj-ZQ7YezQ?utm_source=edhrec&utm_medium=deck_summary,,Firebrand Archer,,$0.35
DRpCSkSD-Tc4yO6BXA_b6g,https://moxfield.com/decks/8wJlvub03EOtkj-ZQ7YezQ?utm_source=edhrec&utm_medium=deck_summary,,Guttersnipe,,$0.49
DRpCSkSD-Tc4yO6BXA_b6g,https://moxfield.com/decks/8wJlvub03EOtkj-ZQ7YezQ?utm_source=edhrec&utm_medium=deck_summary,,Harsh Mentor,,$0.49
DRpCSkSD-Tc4yO6BXA_b6g,https://moxfield.com/decks/8wJlvub03EOtkj-ZQ7YezQ?utm_source=edhrec&utm_medium=deck_summary,,"Magda, the Hoardmaster",,$0.79
DRpCSkSD-Tc4yO6BXA_b6g,https://moxfield.com/decks/8wJlvub03EOtkj-ZQ7YezQ?utm_source=edhrec&utm_medium=deck_summary,,Nesting Dragon,,$0.49
DRpCSkSD-Tc4yO6BXA_b6g,https://moxfield.com/decks/8wJlvub03EOtkj-ZQ7YezQ?utm_source=edhrec&utm_medium=deck_summary,,Quakebringer,,$1.79
DRpCSkSD-Tc4yO6BXA_b6g,https://moxfield.com/decks/8wJlvub03EOtkj-ZQ7YezQ?utm_source=edhrec&utm_medium=deck_summary,,Rampaging Ferocidon,,$0.99
DRpCSkSD-Tc4yO6BXA_b6g,https://moxfield.com/decks/8wJlvub03EOtkj-ZQ7YezQ?utm_source=edhrec&utm_medium=deck_summary,,Razorkin Needlehead,,$9.49
DRpCSkSD-Tc4yO6BXA_b6g,https://moxfield.com/decks/8wJlvub03EOtkj-ZQ7YezQ?utm_source=edhrec&utm_medium=deck_summary,,Satyr Firedancer,,$0.49
DRpCSkSD-Tc4yO6BXA_b6g,https://moxfield.com/decks/8wJlvub03EOtkj-ZQ7YezQ?utm_source=edhrec&utm_medium=deck_summary,,Scrawling Crawler,,$8.49
DRpCSkSD-Tc4yO6BXA_b6g,https://moxfield.com/decks/8wJlvub03EOtkj-ZQ7YezQ?utm_source=edhrec&utm_medium=deck_summary,,Scytheclaw Raptor,,$0.35
DRpCSkSD-Tc4yO6BXA_b6g,https://moxfield.com/decks/8wJlvub03EOtkj-ZQ7YezQ?utm_source=edhrec&utm_medium=deck_summary,,Stormscale Scion,,$2.99
DRpCSkSD-Tc4yO6BXA_b6g,https://moxfield.com/decks/8wJlvub03EOtkj-ZQ7YezQ?utm_source=edhrec&utm_medium=deck_summary,,Sunspine Lynx,,$5.49
DRpCSkSD-Tc4yO6BXA_b6g,https://moxfield.com/decks/8wJlvub03EOtkj-ZQ7YezQ?utm_source=edhrec&utm_medium=deck_summary,,Teapot Slinger,,$0.35
DRpCSkSD-Tc4yO6BXA_b6g,https://moxfield.com/decks/8wJlvub03EOtkj-ZQ7YezQ?utm_source=edhrec&utm_medium=deck_summary,,Twinflame Tyrant,,$29.99
DRpCSkSD-Tc4yO6BXA_b6g,https://moxfield.com/decks/8wJlvub03EOtkj-ZQ7YezQ?utm_source=edhrec&utm_medium=deck_summary,,Young Pyromancer,,$0.35
DRpCSkSD-Tc4yO6BXA_b6g,https://moxfield.com/decks/8wJlvub03EOtkj-ZQ7YezQ?utm_source=edhrec&utm_medium=deck_summary,,Abrade,,$0.35
DRpCSkSD-Tc4yO6BXA_b6g,https://moxfield.com/decks/8wJlvub03EOtkj-ZQ7YezQ?utm_source=edhrec&utm_medium=deck_summary,,Bulk Up,,$0.99
DRpCSkSD-Tc4yO6BXA_b6g,https://moxfield.com/decks/8wJlvub03EOtkj-ZQ7YezQ?utm_source=edhrec&utm_medium=deck_summary,,Galvanic Blast,,$2.99
DRpCSkSD-Tc4yO6BXA_b6g,https://moxfield.com/decks/8wJlvub03EOtkj-ZQ7YezQ?utm_source=edhrec&utm_medium=deck_summary,,Lightning Bolt,,$1.79
DRpCSkSD-Tc4yO6BXA_b6g,https://moxfield.com/decks/8wJlvub03EOtkj-ZQ7YezQ?utm_source=edhrec&utm_medium=deck_summary,,Lightning Volley,,$0.35
DRpCSkSD-Tc4yO6BXA_b6g,https://moxfield.com/decks/8wJlvub03EOtkj-ZQ7YezQ?utm_source=edhrec&utm_medium=deck_summary,,Play with Fire,,$0.39
DRpCSkSD-Tc4yO6BXA_b6g,https://moxfield.com/decks/8wJlvub03EOtkj-ZQ7YezQ?utm_source=edhrec&utm_medium=deck_summary,,Punishing Fire,,$0.35
DRpCSkSD-Tc4yO6BXA_b6g,https://moxfield.com/decks/8wJlvub03EOtkj-ZQ7YezQ?utm_source=edhrec&utm_medium=deck_summary,,Pyretic Ritual,,$8.49
DRpCSkSD-Tc4yO6BXA_b6g,https://moxfield.com/decks/8wJlvub03EOtkj-ZQ7YezQ?utm_source=edhrec&utm_medium=deck_summary,,Return the Favor,,$2.79
DRpCSkSD-Tc4yO6BXA_b6g,https://moxfield.com/decks/8wJlvub03EOtkj-ZQ7YezQ?utm_source=edhrec&utm_medium=deck_summary,,Seething Song,,$8.99
DRpCSkSD-Tc4yO6BXA_b6g,https://moxfield.com/decks/8wJlvub03EOtkj-ZQ7YezQ?utm_source=edhrec&utm_medium=deck_summary,,Smash to Smithereens,,$0.35
DRpCSkSD-Tc4yO6BXA_b6g,https://moxfield.com/decks/8wJlvub03EOtkj-ZQ7YezQ?utm_source=edhrec&utm_medium=deck_summary,,Tibalt's Trickery,,$13.99
DRpCSkSD-Tc4yO6BXA_b6g,https://moxfield.com/decks/8wJlvub03EOtkj-ZQ7YezQ?utm_source=edhrec&utm_medium=deck_summary,,Twinferno,,$0.35
DRpCSkSD-Tc4yO6BXA_b6g,https://moxfield.com/decks/8wJlvub03EOtkj-ZQ7YezQ?utm_source=edhrec&utm_medium=deck_summary,,Untimely Malfunction,,$7.49
DRpCSkSD-Tc4yO6BXA_b6g,https://moxfield.com/decks/8wJlvub03EOtkj-ZQ7YezQ?utm_source=edhrec&utm_medium=deck_summary,,Volcanic Fallout,,$0.35
DRpCSkSD-Tc4yO6BXA_b6g,https://moxfield.com/decks/8wJlvub03EOtkj-ZQ7YezQ?utm_source=edhrec&utm_medium=deck_summary,,Arc Trail,,$0.35
DRpCSkSD-Tc4yO6BXA_b6g,https://moxfield.com/decks/8wJlvub03EOtkj-ZQ7YezQ?utm_source=edhrec&utm_medium=deck_summary,,Blasphemous Act,,$3.49
DRpCSkSD-Tc4yO6BXA_b6g,https://moxfield.com/decks/8wJlvub03EOtkj-ZQ7YezQ?utm_source=edhrec&utm_medium=deck_summary,,Boltwave,,$4.99
DRpCSkSD-Tc4yO6BXA_b6g,https://moxfield.com/decks/8wJlvub03EOtkj-ZQ7YezQ?utm_source=edhrec&utm_medium=deck_summary,,End the Festivities,,$0.69
DRpCSkSD-Tc4yO6BXA_b6g,https://moxfield.com/decks/8wJlvub03EOtkj-ZQ7YezQ?utm_source=edhrec&utm_medium=deck_summary,,Fiery Confluence,,$0.69
DRpCSkSD-Tc4yO6BXA_b6g,https://moxfield.com/decks/8wJlvub03EOtkj-ZQ7YezQ?utm_source=edhrec&utm_medium=deck_summary,,Grab the Prize,,$0.99
DRpCSkSD-Tc4yO6BXA_b6g,https://moxfield.com/decks/8wJlvub03EOtkj-ZQ7YezQ?utm_source=edhrec&utm_medium=deck_summary,,Grapeshot,,$0.35
DRpCSkSD-Tc4yO6BXA_b6g,https://moxfield.com/decks/8wJlvub03EOtkj-ZQ7YezQ?utm_source=edhrec&utm_medium=deck_summary,,Mizzix's Mastery,,$2.99
DRpCSkSD-Tc4yO6BXA_b6g,https://moxfield.com/decks/8wJlvub03EOtkj-ZQ7YezQ?utm_source=edhrec&utm_medium=deck_summary,,Molten Psyche,,$5.49
DRpCSkSD-Tc4yO6BXA_b6g,https://moxfield.com/decks/8wJlvub03EOtkj-ZQ7YezQ?utm_source=edhrec&utm_medium=deck_summary,,Playful Shove,,$0.35
DRpCSkSD-Tc4yO6BXA_b6g,https://moxfield.com/decks/8wJlvub03EOtkj-ZQ7YezQ?utm_source=edhrec&utm_medium=deck_summary,,Reforge the Soul,,$4.49
DRpCSkSD-Tc4yO6BXA_b6g,https://moxfield.com/decks/8wJlvub03EOtkj-ZQ7YezQ?utm_source=edhrec&utm_medium=deck_summary,,Romantic Rendezvous,,$0.35
DRpCSkSD-Tc4yO6BXA_b6g,https://moxfield.com/decks/8wJlvub03EOtkj-ZQ7YezQ?utm_source=edhrec&utm_medium=deck_summary,,Tectonic Hazard,,$0.35
DRpCSkSD-Tc4yO6BXA_b6g,https://moxfield.com/decks/8wJlvub03EOtkj-ZQ7YezQ?utm_source=edhrec&utm_medium=deck_summary,,Vandalblast,,$2.79
DRpCSkSD-Tc4yO6BXA_b6g,https://moxfield.com/decks/8wJlvub03EOtkj-ZQ7YezQ?utm_source=edhrec&utm_medium=deck_summary,,Blackblade Reforged,,$2.99
DRpCSkSD-Tc4yO6BXA_b6g,https://moxfield.com/decks/8wJlvub03EOtkj-ZQ7YezQ?utm_source=edhrec&utm_medium=deck_summary,,Caged Sun,,$4.99
DRpCSkSD-Tc4yO6BXA_b6g,https://moxfield.com/decks/8wJlvub03EOtkj-ZQ7YezQ?utm_source=edhrec&utm_medium=deck_summary,,Nyx Lotus,,$7.99
DRpCSkSD-Tc4yO6BXA_b6g,https://moxfield.com/decks/8wJlvub03EOtkj-ZQ7YezQ?utm_source=edhrec&utm_medium=deck_summary,,Sol Ring,,$1.79
DRpCSkSD-Tc4yO6BXA_b6g,https://moxfield.com/decks/8wJlvub03EOtkj-ZQ7YezQ?utm_source=edhrec&utm_medium=deck_summary,,Swiftfoot Boots,,$2.49
DRpCSkSD-Tc4yO6BXA_b6g,https://moxfield.com/decks/8wJlvub03EOtkj-ZQ7YezQ?utm_source=edhrec&utm_medium=deck_summary,,Blood Moon,,$8.99
DRpCSkSD-Tc4yO6BXA_b6g,https://moxfield.com/decks/8wJlvub03EOtkj-ZQ7YezQ?utm_source=edhrec&utm_medium=deck_summary,,Claws of Valakut,,$0.35
DRpCSkSD-Tc4yO6BXA_b6g,https://moxfield.com/decks/8wJlvub03EOtkj-ZQ7YezQ?utm_source=edhrec&utm_medium=deck_summary,,Descent into Avernus,,$15.99
DRpCSkSD-Tc4yO6BXA_b6g,https://moxfield.com/decks/8wJlvub03EOtkj-ZQ7YezQ?utm_source=edhrec&utm_medium=deck_summary,,Festival of Embers,,$0.49
DRpCSkSD-Tc4yO6BXA_b6g,https://moxfield.com/decks/8wJlvub03EOtkj-ZQ7YezQ?utm_source=edhrec&utm_medium=deck_summary,,Furnace of Rath,,$8.99
DRpCSkSD-Tc4yO6BXA_b6g,https://moxfield.com/decks/8wJlvub03EOtkj-ZQ7YezQ?utm_source=edhrec&utm_medium=deck_summary,,Leyline of Punishment,,$3.99
DRpCSkSD-Tc4yO6BXA_b6g,https://moxfield.com/decks/8wJlvub03EOtkj-ZQ7YezQ?utm_source=edhrec&utm_medium=deck_summary,,Manabarbs,,$4.99
DRpCSkSD-Tc4yO6BXA_b6g,https://moxfield.com/decks/8wJlvub03EOtkj-ZQ7YezQ?utm_source=edhrec&utm_medium=deck_summary,,Pyrohemia,,$13.99
DRpCSkSD-Tc4yO6BXA_b6g,https://moxfield.com/decks/8wJlvub03EOtkj-ZQ7YezQ?utm_source=edhrec&utm_medium=deck_summary,,Repercussion,,$6.49
DRpCSkSD-Tc4yO6BXA_b6g,https://moxfield.com/decks/8wJlvub03EOtkj-ZQ7YezQ?utm_source=edhrec&utm_medium=deck_summary,,Rite of the Dragoncaller,,$3.49
DRpCSkSD-Tc4yO6BXA_b6g,https://moxfield.com/decks/8wJlvub03EOtkj-ZQ7YezQ?utm_source=edhrec&utm_medium=deck_summary,,Virtue of Courage,,$2.99
DRpCSkSD-Tc4yO6BXA_b6g,https://moxfield.com/decks/8wJlvub03EOtkj-ZQ7YezQ?utm_source=edhrec&utm_medium=deck_summary,,"Chandra, Dressed to Kill",,$1.99
DRpCSkSD-Tc4yO6BXA_b6g,https://moxfield.com/decks/8wJlvub03EOtkj-ZQ7YezQ?utm_source=edhrec&utm_medium=deck_summary,,"Chandra, Flameshaper",,$1.99
DRpCSkSD-Tc4yO6BXA_b6g,https://moxfield.com/decks/8wJlvub03EOtkj-ZQ7YezQ?utm_source=edhrec&utm_medium=deck_summary,,Balduvian Trading Post,,$3.49
DRpCSkSD-Tc4yO6BXA_b6g,https://moxfield.com/decks/8wJlvub03EOtkj-ZQ7YezQ?utm_source=edhrec&utm_medium=deck_summary,,Den of the Bugbear,,$2.49
DRpCSkSD-Tc4yO6BXA_b6g,https://moxfield.com/decks/8wJlvub03EOtkj-ZQ7YezQ?utm_source=edhrec&utm_medium=deck_summary,,Dormant Volcano,,$0.69
DRpCSkSD-Tc4yO6BXA_b6g,https://moxfield.com/decks/8wJlvub03EOtkj-ZQ7YezQ?utm_source=edhrec&utm_medium=deck_summary,,Mountain,,$0.35
DRpCSkSD-Tc4yO6BXA_b6g,https://moxfield.com/decks/8wJlvub03EOtkj-ZQ7YezQ?utm_source=edhrec&utm_medium=deck_summary,,Spinerock Knoll,,$1.29
LAZ45Kvckai0aGZ4vIE8uA,https://archidekt.com/decks/11078149?utm_source=edhrec&utm_medium=deck_summary,,"Birgi, God of Storytelling",Creature,$29.99
LAZ45Kvckai0aGZ4vIE8uA,https://archidekt.com/decks/11078149?utm_source=edhrec&utm_medium=deck_summary,,Coruscation Mage,Creature,$2.29
LAZ45Kvckai0aGZ4vIE8uA,https://archidekt.com/decks/11078149?utm_source=edhrec&utm_medium=deck_summary,,"Electro, Assaulting Battery",Creature,$5.49
LAZ45Kvckai0aGZ4vIE8uA,https://archidekt.com/decks/11078149?utm_source=edhrec&utm_medium=deck_summary,,Electrostatic Field,Creature,$2.29
LAZ45Kvckai0aGZ4vIE8uA,https://archidekt.com/decks/11078149?utm_source=edhrec&utm_medium=deck_summary,,Erebor Flamesmith,Creature,$0.79
LAZ45Kvckai0aGZ4vIE8uA,https://archidekt.com/decks/11078149?utm_source=edhrec&utm_medium=deck_summary,,Firebrand Archer,Creature,$0.35
LAZ45Kvckai0aGZ4vIE8uA,https://archidekt.com/decks/11078149?utm_source=edhrec&utm_medium=deck_summary,,Firespitter Whelp,Creature,$0.35
LAZ45Kvckai0aGZ4vIE8uA,https://archidekt.com/decks/11078149?utm_source=edhrec&utm_medium=deck_summary,,Guttersnipe,Creature,$0.49
LAZ45Kvckai0aGZ4vIE8uA,https://archidekt.com/decks/11078149?utm_source=edhrec&utm_medium=deck_summary,,Kessig Flamebreather,Creature,$3.49
LAZ45Kvckai0aGZ4vIE8uA,https://archidekt.com/decks/11078149?utm_source=edhrec&utm_medium=deck_summary,,"Neheb, the Eternal",Creature,$2.49
LAZ45Kvckai0aGZ4vIE8uA,https://archidekt.com/decks/11078149?utm_source=edhrec&utm_medium=deck_summary,,Pinnacle Monk,Creature,$3.49
LAZ45Kvckai0aGZ4vIE8uA,https://archidekt.com/decks/11078149?utm_source=edhrec&utm_medium=deck_summary,,Rampaging Ferocidon,Creature,$0.99
LAZ45Kvckai0aGZ4vIE8uA,https://archidekt.com/decks/11078149?utm_source=edhrec&utm_medium=deck_summary,,Razorkin Needlehead,Creature,$9.49
LAZ45Kvckai0aGZ4vIE8uA,https://archidekt.com/decks/11078149?utm_source=edhrec&utm_medium=deck_summary,,Runaway Steam-Kin,Creature,$1.49
LAZ45Kvckai0aGZ4vIE8uA,https://archidekt.com/decks/11078149?utm_source=edhrec&utm_medium=deck_summary,,Storm-Kiln Artist,Creature,$1.99
LAZ45Kvckai0aGZ4vIE8uA,https://archidekt.com/decks/11078149?utm_source=edhrec&utm_medium=deck_summary,,Thermo-Alchemist,Creature,$0.39
LAZ45Kvckai0aGZ4vIE8uA,https://archidekt.com/decks/11078149?utm_source=edhrec&utm_medium=deck_summary,,Unruly Catapult,Creature,$0.39
LAZ45Kvckai0aGZ4vIE8uA,https://archidekt.com/decks/11078149?utm_source=edhrec&utm_medium=deck_summary,,Urabrask,Creature,$19.99
LAZ45Kvckai0aGZ4vIE8uA,https://archidekt.com/decks/11078149?utm_source=edhrec&utm_medium=deck_summary,,Abrade,Instant,$0.35
LAZ45Kvckai0aGZ4vIE8uA,https://archidekt.com/decks/11078149?utm_source=edhrec&utm_medium=deck_summary,,Blazing Crescendo,Instant,$0.49
LAZ45Kvckai0aGZ4vIE8uA,https://archidekt.com/decks/11078149?utm_source=edhrec&utm_medium=deck_summary,,Bolt Bend,Instant,$6.49
LAZ45Kvckai0aGZ4vIE8uA,https://archidekt.com/decks/11078149?utm_source=edhrec&utm_medium=deck_summary,,Bulk Up,Instant,$0.99
LAZ45Kvckai0aGZ4vIE8uA,https://archidekt.com/decks/11078149?utm_source=edhrec&utm_medium=deck_summary,,Chaos Warp,Instant,$0.79
LAZ45Kvckai0aGZ4vIE8uA,https://archidekt.com/decks/11078149?utm_source=edhrec&utm_medium=deck_summary,,Deflecting Swat,Instant,$59.99
LAZ45Kvckai0aGZ4vIE8uA,https://archidekt.com/decks/11078149?utm_source=edhrec&utm_medium=deck_summary,,Demand Answers,Instant,$0.69
LAZ45Kvckai0aGZ4vIE8uA,https://archidekt.com/decks/11078149?utm_source=edhrec&utm_medium=deck_summary,,Final Fortune,Instant,$12.99
LAZ45Kvckai0aGZ4vIE8uA,https://archidekt.com/decks/11078149?utm_source=edhrec&utm_medium=deck_summary,,Flick a Coin,Instant,$0.35
LAZ45Kvckai0aGZ4vIE8uA,https://archidekt.com/decks/11078149?utm_source=edhrec&utm_medium=deck_summary,,Haste Magic,Instant,$0.35
LAZ45Kvckai0aGZ4vIE8uA,https://archidekt.com/decks/11078149?utm_source=edhrec&utm_medium=deck_summary,,Invoke Calamity,Instant,$0.49
LAZ45Kvckai0aGZ4vIE8uA,https://archidekt.com/decks/11078149?utm_source=edhrec&utm_medium=deck_summary,,Lightning Bolt,Instant,$1.79
LAZ45Kvckai0aGZ4vIE8uA,https://archidekt.com/decks/11078149?utm_source=edhrec&utm_medium=deck_summary,,Opera Love Song,Instant,$0.35
LAZ45Kvckai0aGZ4vIE8uA,https://archidekt.com/decks/11078149?utm_source=edhrec&utm_medium=deck_summary,,Seething Song,Instant,$8.99
LAZ45Kvckai0aGZ4vIE8uA,https://archidekt.com/decks/11078149?utm_source=edhrec&utm_medium=deck_summary,,Spikefield Hazard,Instant,$0.69
LAZ45Kvckai0aGZ4vIE8uA,https://archidekt.com/decks/11078149?utm_source=edhrec&utm_medium=deck_summary,,Unexpected Windfall,Instant,$2.29
LAZ45Kvckai0aGZ4vIE8uA,https://archidekt.com/decks/11078149?utm_source=edhrec&utm_medium=deck_summary,,Unleash Fury,Instant,$0.59
LAZ45Kvckai0aGZ4vIE8uA,https://archidekt.com/decks/11078149?utm_source=edhrec&utm_medium=deck_summary,,Untimely Malfunction,Instant,$7.49
LAZ45Kvckai0aGZ4vIE8uA,https://archidekt.com/decks/11078149?utm_source=edhrec&utm_medium=deck_summary,,Blasphemous Act,Sorcery,$3.49
LAZ45Kvckai0aGZ4vIE8uA,https://archidekt.com/decks/11078149?utm_source=edhrec&utm_medium=deck_summary,,End the Festivities,Sorcery,$0.69
LAZ45Kvckai0aGZ4vIE8uA,https://archidekt.com/decks/11078149?utm_source=edhrec&utm_medium=deck_summary,,Faithless Looting,Sorcery,$0.69
LAZ45Kvckai0aGZ4vIE8uA,https://archidekt.com/decks/11078149?utm_source=edhrec&utm_medium=deck_summary,,Fiery Confluence,Sorcery,$0.69
LAZ45Kvckai0aGZ4vIE8uA,https://archidekt.com/decks/11078149?utm_source=edhrec&utm_medium=deck_summary,,Gamble,Sorcery,$13.99
LAZ45Kvckai0aGZ4vIE8uA,https://archidekt.com/decks/11078149?utm_source=edhrec&utm_medium=deck_summary,,Grab the Prize,Sorcery,$0.99
LAZ45Kvckai0aGZ4vIE8uA,https://archidekt.com/decks/11078149?utm_source=edhrec&utm_medium=deck_summary,,Grapeshot,Sorcery,$0.35
LAZ45Kvckai0aGZ4vIE8uA,https://archidekt.com/decks/11078149?utm_source=edhrec&utm_medium=deck_summary,,Jeska's Will,Sorcery,$32.99
LAZ45Kvckai0aGZ4vIE8uA,https://archidekt.com/decks/11078149?utm_source=edhrec&utm_medium=deck_summary,,Light Up the Stage,Sorcery,$0.35
LAZ45Kvckai0aGZ4vIE8uA,https://archidekt.com/decks/11078149?utm_source=edhrec&utm_medium=deck_summary,,Mana Geyser,Sorcery,$3.49
LAZ45Kvckai0aGZ4vIE8uA,https://archidekt.com/decks/11078149?utm_source=edhrec&utm_medium=deck_summary,,Playful Shove,Sorcery,$0.35
LAZ45Kvckai0aGZ4vIE8uA,https://archidekt.com/decks/11078149?utm_source=edhrec&utm_medium=deck_summary,,Reckless Impulse,Sorcery,$1.29
LAZ45Kvckai0aGZ4vIE8uA,https://archidekt.com/decks/11078149?utm_source=edhrec&utm_medium=deck_summary,,Sundering Eruption,Sorcery,$2.79
LAZ45Kvckai0aGZ4vIE8uA,https://archidekt.com/decks/11078149?utm_source=edhrec&utm_medium=deck_summary,,Tectonic Hazard,Sorcery,$0.35
LAZ45Kvckai0aGZ4vIE8uA,https://archidekt.com/decks/11078149?utm_source=edhrec&utm_medium=deck_summary,,Wrenn's Resolve,Sorcery,$2.29
LAZ45Kvckai0aGZ4vIE8uA,https://archidekt.com/decks/11078149?utm_source=edhrec&utm_medium=deck_summary,,Arcane Signet,Artifact,$0.79
LAZ45Kvckai0aGZ4vIE8uA,https://archidekt.com/decks/11078149?utm_source=edhrec&utm_medium=deck_summary,,Champion's Helm,Artifact,$1.79
LAZ45Kvckai0aGZ4vIE8uA,https://archidekt.com/decks/11078149?utm_source=edhrec&utm_medium=deck_summary,,Commander's Plate,Artifact,$39.99
LAZ45Kvckai0aGZ4vIE8uA,https://archidekt.com/decks/11078149?utm_source=edhrec&utm_medium=deck_summary,,Lotus Petal,Artifact,$29.99
LAZ45Kvckai0aGZ4vIE8uA,https://archidekt.com/decks/11078149?utm_source=edhrec&utm_medium=deck_summary,,Mithril Coat,Artifact,$24.99
LAZ45Kvckai0aGZ4vIE8uA,https://archidekt.com/decks/11078149?utm_source=edhrec&utm_medium=deck_summary,,Ruby Medallion,Artifact,$11.99
LAZ45Kvckai0aGZ4vIE8uA,https://archidekt.com/decks/11078149?utm_source=edhrec&utm_medium=deck_summary,,Sol Ring,Artifact,$1.79
LAZ45Kvckai0aGZ4vIE8uA,https://archidekt.com/decks/11078149?utm_source=edhrec&utm_medium=deck_summary,,Claws of Valakut,Enchantment,$0.35
LAZ45Kvckai0aGZ4vIE8uA,https://archidekt.com/decks/11078149?utm_source=edhrec&utm_medium=deck_summary,,Count on Luck,Enchantment,$0.49
LAZ45Kvckai0aGZ4vIE8uA,https://archidekt.com/decks/11078149?utm_source=edhrec&utm_medium=deck_summary,,Fiery Inscription,Enchantment,$0.99
LAZ45Kvckai0aGZ4vIE8uA,https://archidekt.com/decks/11078149?utm_source=edhrec&utm_medium=deck_summary,,Manabarbs,Enchantment,$4.99
LAZ45Kvckai0aGZ4vIE8uA,https://archidekt.com/decks/11078149?utm_source=edhrec&utm_medium=deck_summary,,Pyrohemia,Enchantment,$13.99
LAZ45Kvckai0aGZ4vIE8uA,https://archidekt.com/decks/11078149?utm_source=edhrec&utm_medium=deck_summary,,Roiling Vortex,Enchantment,$1.79
LAZ45Kvckai0aGZ4vIE8uA,https://archidekt.com/decks/11078149?utm_source=edhrec&utm_medium=deck_summary,,Sulfuric Vortex,Enchantment,$1.49
LAZ45Kvckai0aGZ4vIE8uA,https://archidekt.com/decks/11078149?utm_source=edhrec&utm_medium=deck_summary,,"Chandra, Torch of Defiance",Planeswalker,$3.99
LAZ45Kvckai0aGZ4vIE8uA,https://archidekt.com/decks/11078149?utm_source=edhrec&utm_medium=deck_summary,,Ancient Tomb,Land,$99.99
LAZ45Kvckai0aGZ4vIE8uA,https://archidekt.com/decks/11078149?utm_source=edhrec&utm_medium=deck_summary,,Command Beacon,Land,$8.99
LAZ45Kvckai0aGZ4vIE8uA,https://archidekt.com/decks/11078149?utm_source=edhrec&utm_medium=deck_summary,,Mountain,Land,$0.35
LAZ45Kvckai0aGZ4vIE8uA,https://archidekt.com/decks/11078149?utm_source=edhrec&utm_medium=deck_summary,,Myriad Landscape,Myriad LandscapeMyriad Landscape,$0.35
LAZ45Kvckai0aGZ4vIE8uA,https://archidekt.com/decks/11078149?utm_source=edhrec&utm_medium=deck_summary,,Shivan Gorge,Land,$0.59
LAZ45Kvckai0aGZ4vIE8uA,https://archidekt.com/decks/11078149?utm_source=edhrec&utm_medium=deck_summary,,Spinerock Knoll,Land,$1.29
LAZ45Kvckai0aGZ4vIE8uA,https://archidekt.com/decks/11078149?utm_source=edhrec&utm_medium=deck_summary,,Tyrite Sanctum,Land,$2.99
LAZ45Kvckai0aGZ4vIE8uA,https://archidekt.com/decks/11078149?utm_source=edhrec&utm_medium=deck_summary,,"Valakut, the Molten Pinnacle",Land,$24.99
LAZ45Kvckai0aGZ4vIE8uA,https://archidekt.com/decks/11078149?utm_source=edhrec&utm_medium=deck_summary,,War Room,Land,$4.99
